Test,Category,Abrupt Control Flow,Chapin Q,Conditional Complexity,Conditional Statements,Cyclomatic Complexity,Halstead Total Operators,Halstead Total Operands,Halstead Bugs,Halstead Difficulty,Halstead Effort,Halstead Length,Halstead Distinct Operators,Halstead Distinct Operands,Halstead Time,Halstead Vocabulary,Halstead Volume,Labeled Blocks,Local Variables,Pivovarsky N(G),Program Size,CE,KL,PPL,JSD,CondE,LM_CE,LM_KL,LM_PPL,LM_CondE,detekt_LongParameterList,detekt_SwallowedException,detekt_FunctionParameterNaming,detekt_FunctionNaming,detekt_MatchingDeclarationName,detekt_VariableNaming,detekt_ConstructorParameterNaming,detekt_MemberNameEqualsClassName,detekt_SpreadOperator,detekt_MagicNumber,detekt_UnusedPrivateProperty,detekt_MaxLineLength,detekt_UnusedParameter,detekt_LoopWithTooManyJumpStatements,detekt_ThrowingExceptionsWithoutMessageOrCause,detekt_ClassNaming,detekt_ObjectPropertyNaming,detekt_SafeCast,detekt_UtilityClassWithPublicConstructor,detekt_InvalidPackageDeclaration
abruptControlFlow,BytecodeChatGPT,1,12.0,4.0,2,4,6,5,0.006761255684837643,2.5,91.35302260940247,11,5,5,5.075167922744582,10,36.541209043760986,0,1,10,106,9.113290227728731,4.738790615998275,553.8264812656116,0.3464116638426819,6.256196075817208,8.029549999584116,3.6550397523288076,261.29758843430477,-0.016401389177983203,0,1,0,0,9,0,0,0,0,26,2,0,0,0,0,0,0,0,1,0
abruptControlFlow,CFRChatGPT,2,10.0,4.0,2,4,7,5,0.00831285578253799,3.0,124.53953827094271,12,6,5,6.9188632372745955,11,41.51317942364757,0,0,9,120,9.235808102910111,4.647090385252167,602.9138676007393,0.31701642497566146,3.713707057065852,7.955485936422963,3.3667575833198935,248.22178647418934,-0.5147433343201802,0,1,0,0,7,0,0,0,1,26,2,0,0,1,0,0,0,0,1,0
abruptControlFlow,CFRJ2K,2,10.0,4.0,2,4,11,5,0.012759518436584124,4.0,236.8281419610299,16,8,5,13.157118997834994,13,59.207035490257475,0,0,9,154,10.881294692292064,6.215473401974676,1886.2362808294213,0.33957361430975863,5.481409424366779,8.295250117958133,3.6294181922753475,314.137010936732,0.044314829972081304,1,1,6,5,4,4,1,2,2,28,20,23,5,1,0,0,0,0,0,0
abruptControlFlow,FernflowerChatGPT,1,10.0,4.0,2,4,5,5,0.005299864104346932,2.0,63.39850002884624,10,4,5,3.522138890491458,9,31.69925001442312,0,0,9,98,5.439682356459035,1.1424935420799402,43.401781494369295,0.17071050749144176,2.589873798607534,8.054295751601446,3.7570963014583207,265.81814023018336,-0.21716942139991588,0,1,0,1,8,0,0,0,0,26,2,0,0,0,0,0,0,0,1,1
abruptControlFlow,FernflowerJ2K,1,12.0,4.0,2,4,11,5,0.012759518436584124,4.0,236.8281419610299,16,8,5,13.157118997834994,13,59.207035490257475,0,1,9,159,14.064064760844538,9.2386506793627,17127.948717514853,0.4160226599954209,7.060616074458757,9.184060490298005,4.3586357735304935,581.6713717720265,1.9201188619423368,1,1,1,9,2,7,2,1,3,25,16,36,5,0,1,1,1,1,0,0
abruptControlFlow,JDGUIChatGPT,1,10.0,4.0,2,4,4,5,0.0039311120913133445,1.5,40.5,9,3,5,2.25,8,27.0,0,0,9,98,6.594996845457842,2.2978080309990205,96.67003410076634,0.25345974495424356,3.1779470682021023,8.102278938458022,3.805079488314897,274.80776099860947,-0.10611553355597803,0,1,0,0,8,0,0,0,1,25,2,0,0,0,0,0,0,0,1,0
abruptControlFlow,JDGUIJ2K,1,10.0,4.0,2,4,5,5,0.005299864104346932,2.0,63.39850002884624,10,4,5,3.522138890491458,9,31.69925001442312,0,0,9,104,6.4798452815151135,2.111169626643814,89.25402229246026,0.21658294932815603,3.0307402009106545,8.498753477244174,4.130067186648707,361.7259970611354,0.21199616349333245,0,1,1,0,2,0,1,1,2,39,13,5,0,0,0,0,0,0,0,0
abruptControlFlow,Original,2,10.0,4.0,2,4,5,5,0.005299864104346932,2.0,63.39850002884624,10,4,5,3.522138890491458,9,31.69925001442312,0,0,9,93,4.248223005934472,0.0,19.003891974514847,0.0,0.838943868681601,7.737826546356774,3.489592904618409,213.46068153260651,-0.6491373346004546,0,1,0,0,6,0,0,0,0,26,2,0,0,1,0,0,0,0,1,0
builder,BytecodeChatGPT,0,5.0,0.0,0,1,9,3,0.005519305767765066,2.0,67.3765181293825,12,4,3,3.743139896076806,7,33.68825906469125,0,2,1,141,6.871409274369585,2.2117368992770077,117.08474220824004,0.2071236653260352,7.914230870203408,7.5783150200998906,2.918632009522325,191.11735999353712,-0.3843558499516905,0,1,0,0,9,0,0,0,0,26,2,0,0,0,0,0,0,0,1,0
builder,CFRChatGPT,0,5.0,0.0,0,1,10,3,0.005821825607296016,2.0,72.99122797349771,13,4,3,4.055068220749873,7,36.49561398674886,0,2,1,145,5.473644339974307,0.89143571040274,44.43560851708149,0.17481213266010084,7.7910021463351224,7.7676624668501875,3.185443201753769,217.92115835190697,-0.10484649494731203,0,1,0,0,7,0,0,0,1,26,2,0,0,1,0,0,0,0,1,0
builder,CFRJ2K,0,5.0,0.0,0,1,15,4,0.00943424484380206,2.5,150.57143756850985,19,5,4,8.365079864917213,9,60.228575027403934,0,2,1,219,9.333478278672056,4.390015470067943,645.1443909491062,0.31737153843205773,10.926146100323338,8.812234986011669,3.868761542281335,449.51797185203765,0.3052598507386539,1,1,6,5,4,4,1,2,2,28,20,23,5,1,0,0,0,0,0,0
builder,FernflowerChatGPT,0,5.0,0.0,0,1,14,3,0.008444077328351195,2.5,127.5,17,5,3,7.083333333333333,8,51.0,0,2,1,179,7.743502077937338,2.985025174694884,214.30208525689795,0.25730818645694226,9.06932338500502,8.76696977704445,4.008482238396734,435.6331033528567,0.5604274173059063,0,1,0,1,8,0,0,0,0,26,2,0,0,0,0,0,0,0,1,1
builder,FernflowerJ2K,0,6.0,0.0,0,1,18,5,0.01105564606693589,2.5,191.0108654560233,23,5,5,10.611714747556851,10,76.40434618240933,0,2,1,277,13.22211073803918,8.009482969878277,9555.467465433563,0.41899129682975345,13.22653658545736,10.55730511814701,5.3446667151389295,1506.834357144611,2.443369063691358,1,1,1,9,2,7,2,1,3,25,16,36,5,0,1,1,1,1,0,0
builder,JDGUIChatGPT,0,5.0,0.0,0,1,12,3,0.007768081264884646,2.5,112.5,15,5,3,6.25,8,45.0,0,2,1,179,8.547996885851454,3.7029358946795354,374.2858988697373,0.26088077304913837,8.852803687991932,7.8140775539449665,2.969005927487375,225.04622492025774,-0.6110053731073563,0,1,0,0,8,0,0,0,1,25,2,0,0,0,0,0,0,0,1,0
builder,JDGUIJ2K,0,9.0,0.0,0,1,22,6,0.011889335583417326,2.4,213.01896009692337,28,4,5,11.834386672051298,9,88.75790004038474,0,2,1,339,14.39162166878838,9.154825068708584,21493.631982989686,0.4459136858442267,12.272714385695046,10.641543362500132,5.404736127652883,1597.437047394421,3.135276839160441,0,1,1,0,2,0,1,1,2,39,13,5,0,0,0,0,0,0,0,0
builder,Original,0,5.0,0.0,0,1,9,3,0.005519305767765066,2.0,67.3765181293825,12,4,3,3.743139896076806,7,33.68825906469125,0,2,1,129,4.570743730612547,0.0,23.76462498817323,0.0,1.131568116443703,7.2269471875303415,2.6561928213530805,149.80554210468992,-0.2790370383312916,0,1,0,0,6,0,0,0,0,26,2,0,0,1,0,0,0,0,1,0
classDelegation,BytecodeChatGPT,0,5.0,0.0,0,1,2,1,0.0004367902323681494,0.5,1.5,3,1,1,0.08333333333333333,2,3.0,0,2,1,132,5.797535211929127,1.303861810754647,55.620130014118985,0.1469084162395061,2.9644522202119683,12.703881824345515,8.210197787287417,6671.899418178049,6.353021395971389,0,1,0,0,9,0,0,0,0,26,2,0,0,0,0,0,0,0,1,0
classDelegation,CFRChatGPT,0,5.0,0.0,0,1,5,1,0.003063600184050184,2.0,27.863137138648348,6,4,1,1.5479520632582415,5,13.931568569324174,0,2,1,150,8.531265580655667,3.743455726627126,369.97028212799717,0.2529767245452711,4.261992152975444,12.636415386877742,7.848594897244623,6367.076517675181,5.762763737720508,0,1,0,0,7,0,0,0,1,26,2,0,0,1,0,0,0,0,1,0
classDelegation,CFRJ2K,0,10.0,0.0,0,1,10,5,0.009351305756932023,3.125,148.5902344426084,15,5,4,8.255013024589354,9,47.548875021634686,0,2,1,344,13.693379941454797,8.55385928262153,13247.017328031048,0.4521026217048619,9.312863594465988,13.777515499797127,8.63798420583764,14042.532289343884,7.520032694505095,1,1,6,5,4,4,1,2,2,28,20,23,5,1,0,0,0,0,0,0
classDelegation,FernflowerChatGPT,0,5.0,0.0,0,1,3,1,0.0005291336839893998,0.5,2.0,4,1,1,0.1111111111111111,2,4.0,0,2,1,140,5.697211083179965,1.1911546868911664,51.8837583188017,0.15067214937362738,4.072534924494733,12.412516577855907,7.906449545723351,5451.798698309922,6.294927556521802,0,1,0,1,8,0,0,0,0,26,2,0,0,0,0,0,0,0,1,1
classDelegation,FernflowerJ2K,0,12.0,0.0,0,1,9,6,0.010559898761226734,3.75,178.30828133113008,15,5,4,9.906015629507227,9,47.548875021634686,0,3,1,352,13.90293767578373,8.698553860018773,15317.971891504876,0.45573331059374145,9.850125604066305,14.478687470007374,9.274293019116197,22830.69994474981,7.752443093725247,1,1,1,9,2,7,2,1,3,25,16,36,5,0,1,1,1,1,0,0
classDelegation,JDGUIChatGPT,0,5.0,0.0,0,1,2,1,0.0004367902323681494,0.5,1.5,3,1,1,0.08333333333333333,2,3.0,0,2,1,125,4.881118043979909,0.44578937598503643,29.468833406441124,0.08864512229849712,2.1150173023823857,12.928671376370287,8.493332072451931,7796.8268274930515,6.726968176076491,0,1,0,0,8,0,0,0,1,25,2,0,0,0,0,0,0,0,1,0
classDelegation,JDGUIJ2K,0,5.0,0.0,0,1,5,2,0.0036469818385629123,2.0,36.18947501009619,7,4,2,2.0105263894497885,6,18.094737505048094,0,2,1,239,9.742837379329046,4.996540718415828,856.8134869970361,0.3686452971460206,7.203289652497559,13.799581365827205,9.053274069349271,14258.962232929234,7.405580180570081,0,1,1,0,2,0,1,1,2,39,13,5,0,0,0,0,0,0,0,0
classDelegation,Original,0,5.0,0.0,0,1,2,1,0.0004367902323681494,0.5,1.5,3,1,1,0.08333333333333333,2,3.0,0,2,1,123,4.384630041582823,0.0,20.88839937662838,0.0,1.1973362504017864,12.677289130231177,8.292648452724872,6550.045123981063,6.474689341425678,0,1,0,0,6,0,0,0,0,26,2,0,0,1,0,0,0,0,1,0
classWithMethodsAndFields,BytecodeChatGPT,0,3.0,0.0,0,1,1,2,0.000593770903833207,0.5,2.377443751081734,3,1,2,0.13208020839342968,3,4.754887502163468,0,1,1,93,5.142633883055221,0.6106926775085628,35.32539734211531,0.10309634959504863,2.1207730868303325,10.110652696715581,5.578700855365029,1105.629804432191,2.8636669960326833,0,1,0,0,9,0,0,0,0,26,2,0,0,0,0,0,0,0,1,0
classWithMethodsAndFields,CFRChatGPT,0,3.0,0.0,0,1,1,2,0.000593770903833207,0.5,2.377443751081734,3,1,2,0.13208020839342968,3,4.754887502163468,0,1,1,103,6.835384511160062,2.3156349260486064,114.197282612703,0.27076215641849677,5.831736986541396,12.167846905201975,7.648086684286625,4601.36729256871,5.635426287890254,0,1,0,0,7,0,0,0,1,26,2,0,0,1,0,0,0,0,1,0
classWithMethodsAndFields,CFRJ2K,0,8.0,0.0,0,1,9,7,0.012602637011514735,4.199999999999999,232.47380477242635,16,6,5,12.915211376245908,11,55.35090589819676,0,1,1,239,13.071938457938757,7.91643485965953,8610.841144679893,0.43130840794881775,10.97870144249805,11.527935613779498,6.372421380453779,2952.9385387400425,4.3340215435112635,1,1,6,5,4,4,1,2,2,28,20,23,5,1,0,0,0,0,0,0
classWithMethodsAndFields,FernflowerChatGPT,0,3.0,0.0,0,1,1,2,0.000593770903833207,0.5,2.377443751081734,3,1,2,0.13208020839342968,3,4.754887502163468,0,1,1,103,6.835384511160062,2.3156349260486064,114.197282612703,0.2707621564184967,5.831736986541396,12.167846905201975,7.648086684286625,4601.36729256871,5.635426287887898,0,1,0,1,8,0,0,0,0,26,2,0,0,0,0,0,0,0,1,1
classWithMethodsAndFields,FernflowerJ2K,0,1.0,0.0,0,1,0,0,0.0,0.0,0.0,0,0,0,0.0,0,0.0,0,0,1,27,16.754672191756697,14.001956911860141,110575.4962822526,0.8903812120261587,12.420251222392968,24.520592440080105,21.76786652441952,24067658.241126325,14.020783554094963,1,1,1,9,2,7,2,1,3,25,16,36,5,0,1,1,1,1,0,0
classWithMethodsAndFields,JDGUIChatGPT,0,3.0,0.0,0,1,1,2,0.000593770903833207,0.5,2.377443751081734,3,1,2,0.13208020839342968,3,4.754887502163468,0,1,1,103,6.835384511160062,2.3156349260486064,114.197282612703,0.27076215641849677,5.831736986541396,12.167846905201975,7.648086684286625,4601.36729256871,5.635426287889717,0,1,0,0,8,0,0,0,1,25,2,0,0,0,0,0,0,0,1,0
classWithMethodsAndFields,JDGUIJ2K,0,3.0,0.0,0,1,2,4,0.0020730784816858556,1.0,15.509775004326936,6,2,4,0.861654166907052,6,15.509775004326936,0,1,1,123,9.855721007311082,5.060066825251714,926.5474221497672,0.33598888104335806,4.990568314996178,12.888444503629227,8.092779685925416,7582.429710029017,5.131787533617641,0,1,1,0,2,0,1,1,2,39,13,5,0,0,0,0,0,0,0,0
classWithMethodsAndFields,Original,0,3.0,0.0,0,1,1,2,0.000593770903833207,0.5,2.377443751081734,3,1,2,0.13208020839342968,3,4.754887502163468,0,1,1,91,4.483435631311394,0.0,22.36910502917776,0.0,0.8435205884049783,9.659033911423933,5.175587644308645,808.4607431192476,2.3658999218073897,0,1,0,0,6,0,0,0,0,26,2,0,0,1,0,0,0,0,1,0
companionObject,BytecodeChatGPT,0,1.0,0.0,0,1,0,1,0.0,0.0,0.0,1,0,1,0.0,1,0.0,0,0,1,59,4.8677867770524506,0.9600719744550116,29.197780031946532,0.12812852032819558,2.786066890508726,12.338520762358412,8.430795323518586,5179.225872950375,4.884778235195629,0,1,0,0,9,0,0,0,0,26,2,0,0,0,0,0,0,0,1,0
companionObject,CFRChatGPT,0,1.0,0.0,0,1,0,1,0.0,0.0,0.0,1,0,1,0.0,1,0.0,0,0,1,59,4.8677867770524506,0.9600719744550116,29.197780031946532,0.12812852032819558,2.7860668905087262,12.338520762358412,8.430795323518586,5179.225872950375,4.88477823519607,0,1,0,0,7,0,0,0,1,26,2,0,0,1,0,0,0,0,1,0
companionObject,CFRJ2K,0,3.0,0.0,0,1,5,1,0.0038186432128421402,2.5,38.77443751081734,6,5,1,2.1541354172676304,6,15.509775004326936,0,0,1,179,16.755981417549968,11.814884018695894,110675.88756053211,0.4888488257284829,9.439770618671584,12.577909719079736,7.636801684820399,6114.037641977136,6.380294859492424,1,1,6,5,4,4,1,2,2,28,20,23,5,1,0,0,0,0,0,0
companionObject,FernflowerChatGPT,0,1.0,0.0,0,1,0,1,0.0,0.0,0.0,1,0,1,0.0,1,0.0,0,0,1,59,4.8677867770524506,0.9600719744550116,29.197780031946532,0.12812852032819558,2.786066890508726,12.338520762358412,8.430795323518586,5179.225872950375,4.884778235195629,0,1,0,1,8,0,0,0,0,26,2,0,0,0,0,0,0,0,1,1
companionObject,FernflowerJ2K,0,5.0,0.0,0,1,6,2,0.0048876146417121315,2.5,56.14709844115208,8,5,2,3.1192832467306713,7,22.458839376460833,0,1,1,189,18.612806430852515,13.506624809866924,400878.75335326523,0.5228234492606313,9.616630761451756,14.021366760011828,8.915174503620973,16628.45789032002,6.9233243198910746,1,1,1,9,2,7,2,1,3,25,16,36,5,0,1,1,1,1,0,0
companionObject,JDGUIChatGPT,0,1.0,0.0,0,1,0,1,0.0,0.0,0.0,1,0,1,0.0,1,0.0,0,0,1,59,4.8677867770524506,0.9600719744550116,29.197780031946532,0.12812852032819558,2.7860668905087262,12.338520762358412,8.430795323518586,5179.225872950375,4.884778235195629,0,1,0,0,8,0,0,0,1,25,2,0,0,0,0,0,0,0,1,0
companionObject,JDGUIJ2K,0,3.0,0.0,0,1,1,1,0.0003333333333333333,0.5,1.0,2,1,1,0.05555555555555555,2,2.0,0,0,1,106,11.30857918683097,6.966120191262657,2536.4221876742704,0.3701765707550515,9.02196926740688,13.241335764572108,8.898866133000586,9683.65364827672,8.92515684683463,0,1,1,0,2,0,1,1,2,39,13,5,0,0,0,0,0,0,0,0
companionObject,Original,0,1.0,0.0,0,1,0,1,0.0,0.0,0.0,1,0,1,0.0,1,0.0,0,0,1,57,3.8322729072372415,0.0,14.243905923992676,0.0,0.7499999999999999,11.761901347083382,7.929617803603753,3472.842690592956,4.217781413089724,0,1,0,0,6,0,0,0,0,26,2,0,0,1,0,0,0,0,1,0
dataClass,BytecodeChatGPT,0,1.0,0.0,0,1,0,0,0.0,0.0,0.0,0,0,0,0.0,0,0.0,0,0,1,31,7.539246215167085,3.5173181202398607,186.01126894249578,0.2900178368143151,5.859316994326001,13.372826889851922,9.350888158722173,10607.71934140117,5.43244520658845,0,1,0,0,9,0,0,0,0,26,2,0,0,0,0,0,0,0,1,0
dataClass,CFRChatGPT,0,1.0,0.0,0,1,0,0,0.0,0.0,0.0,0,0,0,0.0,0,0.0,0,0,1,31,7.539246215167085,3.5173181202398607,186.01126894249578,0.2900178368143151,5.859316994326001,13.372826889851922,9.350888158722173,10607.71934140117,5.43244520659199,0,1,0,0,7,0,0,0,1,26,2,0,0,1,0,0,0,0,1,0
dataClass,CFRJ2K,0,29.0,7.0,5,6,24,18,0.04391166852027565,9.0,1512.0,42,8,8,84.0,16,168.0,0,4,11,549,23.063193949341358,17.71274631643894,8764218.059758706,0.6685910955054294,11.171760988847653,9.933109944488557,4.582651677336905,977.6064167888765,2.930167233153723,1,1,6,5,4,4,1,2,2,28,20,23,5,1,0,0,0,0,0,0
dataClass,FernflowerChatGPT,0,1.0,0.0,0,1,0,0,0.0,0.0,0.0,0,0,0,0.0,0,0.0,0,0,1,31,7.539246215167085,3.5173181202398607,186.01126894249578,0.2900178368143151,5.859316994326001,13.372826889851922,9.350888158722173,10607.71934140117,5.43244520658845,0,1,0,1,8,0,0,0,0,26,2,0,0,0,0,0,0,0,1,1
dataClass,FernflowerJ2K,0,29.0,6.6,5,6,20,18,0.03699323839930136,7.875,1169.1370107358493,38,7,8,64.95205615199163,15,148.46184263312372,0,4,14,545,23.84398296484274,18.48326200325833,15057542.183646822,0.6886226485405531,10.386714844390646,9.856093641004739,4.495362045210958,926.7867709873784,3.7356526230264313,1,1,1,9,2,7,2,1,3,25,16,36,5,0,1,1,1,1,0,0
dataClass,JDGUIChatGPT,0,1.0,0.0,0,1,0,0,0.0,0.0,0.0,0,0,0,0.0,0,0.0,0,0,1,31,7.539246215167085,3.5173181202398607,186.01126894249578,0.2900178368143151,5.859316994326001,13.372826889851922,9.350888158722173,10607.71934140117,5.43244520658845,0,1,0,0,8,0,0,0,1,25,2,0,0,0,0,0,0,0,1,0
dataClass,JDGUIJ2K,0,15.0,6.333333333333333,3,4,11,12,0.022992637936441473,7.199999999999999,572.8818760463363,23,6,5,31.826770891463127,11,79.56692722865783,0,2,7,344,21.30624557523021,16.195327246631233,2593098.495077101,0.6418233945170527,11.575854493551404,9.643022235843679,4.5320932725171135,799.5376913794562,2.286257440065855,0,1,1,0,2,0,1,1,2,39,13,5,0,0,0,0,0,0,0,0
dataClass,Original,0,1.0,0.0,0,1,0,0,0.0,0.0,0.0,0,0,0,0.0,0,0.0,0,0,1,29,3.94770277922009,0.0,15.430391691355307,0.0,0.23529411764705882,12.430614198234245,8.482900782771766,5520.618522296175,4.2413531851419695,0,1,0,0,6,0,0,0,0,26,2,0,0,1,0,0,0,0,1,0
destructuring,BytecodeChatGPT,0,5.0,0.0,0,1,2,2,0.000719302224519915,0.5,3.169925001442312,4,1,2,0.1761069445245729,3,6.339850002884624,0,2,1,81,6.4871780806729875,2.0330007600055433,89.708829367276,0.19043712945234054,4.449146028124361,8.545250442218954,4.091062485707753,373.5740524563209,1.0565989777840636,0,1,0,0,9,0,0,0,0,26,2,0,0,0,0,0,0,0,1,0
destructuring,CFRChatGPT,0,5.0,0.0,0,1,2,2,0.000719302224519915,0.5,3.169925001442312,4,1,2,0.1761069445245729,3,6.339850002884624,0,2,1,81,6.4871780806729875,2.0330007600055433,89.708829367276,0.19043712945234056,4.44914602812436,8.545250442218954,4.091062485707753,373.5740524563209,1.0565989777841083,0,1,0,0,7,0,0,0,1,26,2,0,0,1,0,0,0,0,1,0
destructuring,CFRJ2K,0,32.0,5.4,5,6,25,18,0.04586044008281384,9.0,1613.7609755581748,43,9,9,89.65338753100971,18,179.30677506201943,0,8,11,586,17.46204986808837,12.011886516129174,180551.37329687193,0.5474167505437134,12.777281855037314,8.699379709163916,3.249205723154802,415.69445949120177,1.2895190535374077,1,1,6,5,4,4,1,2,2,28,20,23,5,1,0,0,0,0,0,0
destructuring,FernflowerChatGPT,0,5.0,0.0,0,1,2,2,0.000719302224519915,0.5,3.169925001442312,4,1,2,0.1761069445245729,3,6.339850002884624,0,2,1,86,9.521356176852565,4.821522707970888,734.8755675955912,0.28668728820059947,4.674907921521795,11.392331597759105,6.6924874930336715,2688.0264106642576,2.176242501163587,0,1,0,1,8,0,0,0,0,26,2,0,0,0,0,0,0,0,1,1
destructuring,FernflowerJ2K,0,32.0,5.4,5,6,25,17,0.04345866541947387,8.5,1488.6632255149054,42,9,9,82.70351252860586,18,175.1368500605771,0,8,14,592,17.48732090197571,12.049840326107118,183741.8713878343,0.5502325569225589,12.59317116548362,9.146416429487203,3.708925219528833,566.6901945601008,2.792378854873195,1,1,1,9,2,7,2,1,3,25,16,36,5,0,1,1,1,1,0,0
destructuring,JDGUIChatGPT,0,5.0,0.0,0,1,2,2,0.000719302224519915,0.5,3.169925001442312,4,1,2,0.1761069445245729,3,6.339850002884624,0,2,1,81,6.4871780806729875,2.0330007600055433,89.708829367276,0.19043712945234056,4.44914602812436,8.545250442218954,4.091062485707753,373.5740524563209,1.0565989777842189,0,1,0,0,8,0,0,0,1,25,2,0,0,0,0,0,0,0,1,0
destructuring,JDGUIJ2K,0,20.0,5.0,3,4,14,14,0.026345465163430552,7.0,702.6526501413466,28,6,6,39.03625834118592,12,100.37895002019238,0,5,7,405,15.86144434572456,10.748953793368674,59534.74840337062,0.5106976368470224,12.588574684134151,8.322670956362009,3.2101697693183957,320.16481437657967,0.7390795203739877,0,1,1,0,2,0,1,1,2,39,13,5,0,0,0,0,0,0,0,0
destructuring,Original,0,3.0,0.0,0,1,1,2,0.000593770903833207,0.5,2.377443751081734,3,1,2,0.13208020839342968,3,4.754887502163468,0,1,1,73,4.317640005966218,0.0,19.940642721914,0.0,1.0288100222680812,7.977073535127439,3.659422893277602,251.96395208386647,0.07132850158178212,0,1,0,0,6,0,0,0,0,26,2,0,0,1,0,0,0,0,1,0
elvis,BytecodeChatGPT,0,5.0,0.0,0,1,3,1,0.001141821107885979,1.0,6.339850002884624,4,2,1,0.3522138890491458,3,6.339850002884624,0,2,1,46,5.527678911730637,1.2203239896730327,46.1314556614378,0.1496577823720902,3.0532800702869363,11.500837320573222,7.193471762432681,2897.9908421991245,4.2050792211026184,0,1,0,0,9,0,0,0,0,26,2,0,0,0,0,0,0,0,1,0
elvis,CFRChatGPT,0,5.0,0.0,0,1,3,1,0.001141821107885979,1.0,6.339850002884624,4,2,1,0.3522138890491458,3,6.339850002884624,0,2,1,46,5.527678911730637,1.2203239896730327,46.1314556614378,0.14965778237209024,3.0532800702869354,11.500837320573222,7.193471762432681,2897.9908421991245,4.205079221103226,0,1,0,0,7,0,0,0,1,26,2,0,0,1,0,0,0,0,1,0
elvis,CFRJ2K,0,5.0,0.0,0,1,6,1,0.004231947544565554,2.5,45.23684376262024,7,5,1,2.5131579868122356,6,18.094737505048094,0,2,1,86,13.542741047477678,8.7841781077929,11933.594561535989,0.441728738056102,7.493730805895577,11.03550623888843,6.276932663479484,2099.028789486512,1.6668266825262676,1,1,6,5,4,4,1,2,2,28,20,23,5,1,0,0,0,0,0,0
elvis,FernflowerChatGPT,0,5.0,0.0,0,1,3,1,0.001141821107885979,1.0,6.339850002884624,4,2,1,0.3522138890491458,3,6.339850002884624,0,2,1,49,5.472529632158,1.165639036549482,44.40128831234697,0.1673229628521679,4.057166994712064,11.159026734145659,6.852125502454204,2286.6609191699145,3.782954865193089,0,1,0,1,8,0,0,0,0,26,2,0,0,0,0,0,0,0,1,1
elvis,FernflowerJ2K,0,5.0,0.0,0,1,5,1,0.003063600184050184,2.0,27.863137138648348,6,4,1,1.5479520632582415,5,13.931568569324174,0,2,1,83,12.287984037035176,7.576634652196234,5000.9415817480385,0.41751033676461147,6.1823801581476046,11.496818501457433,6.785458480814598,2889.929336283692,1.984794412537153,1,1,1,9,2,7,2,1,3,25,16,36,5,0,1,1,1,1,0,0
elvis,JDGUIChatGPT,0,5.0,0.0,0,1,3,1,0.001141821107885979,1.0,6.339850002884624,4,2,1,0.3522138890491458,3,6.339850002884624,0,2,1,46,5.527678911730637,1.2203239896730327,46.1314556614378,0.14965778237209024,3.053280070286935,11.500837320573222,7.193471762432681,2897.9908421991245,4.205079221102813,0,1,0,0,8,0,0,0,1,25,2,0,0,0,0,0,0,0,1,0
elvis,JDGUIJ2K,0,5.0,0.0,0,1,2,1,0.0004367902323681494,0.5,1.5,3,1,1,0.08333333333333333,2,3.0,0,2,1,49,7.850042793529851,3.476485531214803,230.72696219952942,0.29419877502227326,5.237142199846637,11.984827657205837,7.611259758847716,4053.1494508918795,4.027647386286194,0,1,1,0,2,0,1,1,2,39,13,5,0,0,0,0,0,0,0,0
elvis,Original,0,5.0,0.0,0,1,3,1,0.001141821107885979,1.0,6.339850002884624,4,2,1,0.3522138890491458,3,6.339850002884624,0,2,1,44,4.238901256602631,0.0,18.88149712948623,0.0,0.4799999999999999,10.704537028741582,6.4656251360560155,1668.7325425019092,3.2969473676813275,0,1,0,0,6,0,0,0,0,26,2,0,0,1,0,0,0,0,1,0
extension,BytecodeChatGPT,0,3.0,0.0,0,1,1,1,0.0003333333333333333,0.5,1.0,2,1,1,0.05555555555555555,2,2.0,0,1,1,63,8.797570746560464,4.561090353904485,444.9719999629534,0.2691860697686297,5.454616533780564,9.214474730469583,4.977983701850259,594.0640725348883,2.9343039053525994,0,1,0,0,9,0,0,0,0,26,2,0,0,0,0,0,0,0,1,0
extension,CFRChatGPT,0,1.0,0.0,0,1,0,1,0.0,0.0,0.0,1,0,1,0.0,1,0.0,0,0,1,57,5.0320475475195074,1.0179564584640841,32.71879128899206,0.12945583881897543,2.8592954870875253,9.438963368364519,5.424861643226161,694.0825115690892,3.3804013376500133,0,1,0,0,7,0,0,0,1,26,2,0,0,1,0,0,0,0,1,0
extension,CFRJ2K,0,2.0,0.0,0,1,5,2,0.0036469818385629123,2.0,36.18947501009619,7,4,2,2.0105263894497885,6,18.094737505048094,0,0,1,132,15.58034885197402,10.671837394707048,48995.06603630183,0.44479740961863473,12.095342283938225,11.653104233679878,6.744582140927919,3220.578704698228,4.412543098756516,1,1,6,5,4,4,1,2,2,28,20,23,5,1,0,0,0,0,0,0
extension,FernflowerChatGPT,0,5.0,0.0,0,1,2,1,0.0004367902323681494,0.5,1.5,3,1,1,0.08333333333333333,2,3.0,0,2,1,69,11.828357711642207,7.495195950926563,3636.5575985603114,0.3476040369397748,5.783061043979005,9.632329422283274,5.299157025644146,793.6336694399076,4.049755158914333,0,1,0,1,8,0,0,0,0,26,2,0,0,0,0,0,0,0,1,1
extension,FernflowerJ2K,0,4.0,0.0,0,1,4,2,0.003290806962640765,2.0,31.019550008653873,6,4,2,1.723308333814104,6,15.509775004326936,0,1,1,131,15.891666650521122,10.921484706324911,60795.06720749354,0.45104897809925554,12.392237144447112,12.091037914543922,7.120845334902583,4362.797855487705,5.410315694214841,1,1,1,9,2,7,2,1,3,25,16,36,5,0,1,1,1,1,0,0
extension,JDGUIChatGPT,0,1.0,0.0,0,1,0,1,0.0,0.0,0.0,1,0,1,0.0,1,0.0,0,0,1,57,5.0320475475195074,1.0179564584640841,32.71879128899206,0.12945583881897543,2.8592954870875253,9.438963368364519,5.424861643226161,694.0825115690892,3.380401337649477,0,1,0,0,8,0,0,0,1,25,2,0,0,0,0,0,0,0,1,0
extension,JDGUIJ2K,0,2.0,0.0,0,1,0,2,0.0,0.0,0.0,2,0,2,0.0,2,2.0,0,0,1,91,13.067203521138396,8.467547779608118,8582.62661982863,0.38812498292564623,12.964694385584375,12.458892201676777,7.859225824342605,5629.894615036444,6.892555318308112,0,1,1,0,2,0,1,1,2,39,13,5,0,0,0,0,0,0,0,0
extension,Original,0,1.0,0.0,0,1,0,1,0.0,0.0,0.0,1,0,1,0.0,1,0.0,0,0,1,55,3.9621031651557956,0.0,15.585182732018069,0.0,0.6666666666666666,8.638074481526774,4.675960680288043,398.40017793609763,3.2567182756141326,0,1,0,0,6,0,0,0,0,26,2,0,0,1,0,0,0,0,1,0
generic,BytecodeChatGPT,0,3.0,0.0,0,1,4,1,0.002027400665191133,1.5,15.0,5,3,1,0.8333333333333334,4,10.0,0,1,1,86,7.15078319205834,2.7713656951468213,142.1020140356028,0.23303826755160692,8.7709619419266,9.150022898469917,4.77059476567478,568.108586652268,1.6009136227471494,0,1,0,0,9,0,0,0,0,26,2,0,0,0,0,0,0,0,1,0
generic,CFRChatGPT,0,3.0,0.0,0,1,5,1,0.0022894284851066636,1.5,18.0,6,3,1,1.0,4,12.0,0,1,1,72,6.052129880147803,1.6582309244157425,66.35484386141678,0.18797288498414738,5.972811452894486,9.912297970045465,5.518388378389921,963.6049337085817,2.3377854581394546,0,1,0,0,7,0,0,0,1,26,2,0,0,1,0,0,0,0,1,0
generic,CFRJ2K,0,3.0,0.0,0,1,7,1,0.004625956812489424,2.5,51.69925001442312,8,5,1,2.87218055635684,6,20.67970000576925,0,1,1,122,11.456883415015655,6.655253211921368,2811.030545097914,0.370504371131136,7.658875395221241,11.968268775771335,7.166627937032607,4006.8944068171827,3.4246586634045144,1,1,6,5,4,4,1,2,2,28,20,23,5,1,0,0,0,0,0,0
generic,FernflowerChatGPT,0,5.0,0.0,0,1,4,1,0.002027400665191133,1.5,15.0,5,3,1,0.8333333333333334,4,10.0,0,2,1,74,5.981542569697863,1.6251721708316496,63.18641765824018,0.19104696032073176,6.725151247199838,9.676872572084834,5.320491537295138,818.5192703092592,2.44104036051073,0,1,0,1,8,0,0,0,0,26,2,0,0,0,0,0,0,0,1,1
generic,FernflowerJ2K,0,7.0,0.0,0,1,7,2,0.004312177013671752,2.0,46.529325012980806,9,4,2,2.584962500721156,6,23.264662506490403,0,2,1,164,12.765579341714172,7.878901878456079,6963.415243790304,0.43819165293902773,12.28675036520851,11.880770881101416,6.994082782358335,3771.1031075477404,4.392955431107684,1,1,1,9,2,7,2,1,3,25,16,36,5,0,1,1,1,1,0,0
generic,JDGUIChatGPT,0,3.0,0.0,0,1,3,1,0.0017471609294725976,1.5,12.0,4,3,1,0.6666666666666666,4,8.0,0,1,1,63,5.247898238400284,0.9322756675736236,37.99922891510185,0.1263311986523699,2.818213886816565,10.140002201274385,5.824368994484378,1128.3525603047215,2.716393019650407,0,1,0,0,8,0,0,0,1,25,2,0,0,0,0,0,0,0,1,0
generic,JDGUIJ2K,0,5.0,0.0,0,1,7,1,0.003711287321761281,2.0,37.150849518197795,8,4,1,2.0639360843443217,5,18.575424759098897,0,1,1,108,9.554899432808114,4.921931299209846,752.1619068099604,0.3315620560152382,8.581350856892204,11.70409556858736,7.071116799225063,3336.4439873976485,5.161485509107865,0,1,1,0,2,0,1,1,2,39,13,5,0,0,0,0,0,0,0,0
generic,Original,0,3.0,0.0,0,1,3,1,0.0017471609294725976,1.5,12.0,4,3,1,0.6666666666666666,4,8.0,0,1,1,61,4.2639334294856335,0.0,19.211968318298606,0.0,0.8484848484848482,9.451017559329182,5.187073493880202,699.9060940390777,1.9381909366704002,0,1,0,0,6,0,0,0,0,26,2,0,0,1,0,0,0,0,1,0
genericsInOutWhere,BytecodeChatGPT,0,5.0,0.0,0,1,13,1,0.005389518211950695,2.0,65.01398665684614,14,4,1,3.6118881476025635,5,32.50699332842307,0,2,1,207,5.241700644190167,0.3142760487291014,37.836340242090465,0.12301886271179799,3.935884017079034,10.217901064003183,5.290465833136855,1190.9532474968296,3.3689898045576636,0,1,0,0,9,0,0,0,0,26,2,0,0,0,0,0,0,0,1,0
genericsInOutWhere,CFRChatGPT,0,5.0,0.0,0,1,11,1,0.004863162154971231,2.0,55.726274277296696,12,4,1,3.095904126516483,5,27.863137138648348,0,2,1,205,5.2013192860182125,0.2953241987894095,36.791976749596145,0.10346860940955632,3.3690883095680735,10.128058306438621,5.2220525838045555,1119.049630253102,3.1202558281341948,0,1,0,0,7,0,0,0,1,26,2,0,0,1,0,0,0,0,1,0
genericsInOutWhere,CFRJ2K,0,5.0,0.0,0,1,25,4,0.017108688911007506,4.0,367.7113001673082,29,6,3,20.428405564850454,9,91.92782504182705,0,2,1,376,12.818792202396205,7.517288691555064,7225.051733310145,0.42130601739393514,9.495851059984162,11.658527601444558,6.357013455875827,3232.708263028258,5.483346247374388,1,1,6,5,4,4,1,2,2,28,20,23,5,1,0,0,0,0,0,0
genericsInOutWhere,FernflowerChatGPT,0,5.0,0.0,0,1,10,1,0.0034294254927005915,1.5,33.0,11,3,1,1.8333333333333333,4,22.0,0,2,1,205,7.780119315457533,2.6928284271560803,219.81093003772384,0.2513472282124659,5.13052415820274,12.276929015906305,7.18962749219959,4962.767030945347,4.67429256981391,0,1,0,1,8,0,0,0,0,26,2,0,0,0,0,0,0,0,1,1
genericsInOutWhere,FernflowerJ2K,0,7.0,0.0,0,1,10,5,0.009351305756932023,3.125,148.5902344426084,15,5,4,8.255013024589354,9,47.548875021634686,0,3,1,365,13.687553785564301,8.42524574039349,13193.628665949525,0.4974720590566833,11.582787121748924,12.394844025465334,7.1325253456067985,5385.4232783944235,6.131724052844506,1,1,1,9,2,7,2,1,3,25,16,36,5,0,1,1,1,1,0,0
genericsInOutWhere,JDGUIChatGPT,0,5.0,0.0,0,1,13,1,0.005389518211950695,2.0,65.01398665684614,14,4,1,3.6118881476025635,5,32.50699332842307,0,2,1,215,5.176957997986161,0.2775102042252624,36.17592492206265,0.09506731636591818,2.160244020166663,10.15351273119962,5.254054302033459,1138.968972881856,3.1152576479810516,0,1,0,0,8,0,0,0,1,25,2,0,0,0,0,0,0,0,1,0
genericsInOutWhere,JDGUIJ2K,0,5.0,0.0,0,1,17,5,0.012452155515332079,3.0,228.32248683006162,22,6,5,12.68458260167009,11,76.10749561002054,0,2,1,339,11.411878332986182,6.167940289788317,2724.693684449212,0.38786247829547293,8.578426818278656,12.955092573656067,7.711143895531298,7940.9317110890215,6.71047333980048,0,1,1,0,2,0,1,1,2,39,13,5,0,0,0,0,0,0,0,0
genericsInOutWhere,Original,0,5.0,0.0,0,1,13,1,0.005389518211950695,2.0,65.01398665684614,14,4,1,3.6118881476025635,5,32.50699332842307,0,2,1,217,4.893989276787255,0.0,29.732920577405984,0.0,1.329109918263004,10.018305203957246,5.124305291764728,1037.0754941519904,3.0087367164237615,0,1,0,0,6,0,0,0,0,26,2,0,0,1,0,0,0,0,1,0
higherOrderFunction,BytecodeChatGPT,0,5.0,0.0,0,1,4,1,0.002027400665191133,1.5,15.0,5,3,1,0.8333333333333334,4,10.0,0,2,1,63,5.203170966180194,0.9126365194701622,36.83922908656573,0.13008066805296428,2.765315238744332,9.102871767314431,4.8123266846011905,549.8414151246852,2.2041384433164573,0,1,0,0,9,0,0,0,0,26,2,0,0,0,0,0,0,0,1,0
higherOrderFunction,CFRChatGPT,0,5.0,0.0,0,1,4,1,0.002027400665191133,1.5,15.0,5,3,1,0.8333333333333334,4,10.0,0,2,1,63,5.203170966180194,0.9126365194701622,36.83922908656573,0.13008066805296428,2.7653152387443334,9.102871767314431,4.8123266846011905,549.8414151246852,2.2041384433165216,0,1,0,0,7,0,0,0,1,26,2,0,0,1,0,0,0,0,1,0
higherOrderFunction,CFRJ2K,0,3.0,0.0,0,1,5,2,0.006717797984117599,5.0,90.47368752524048,7,5,1,5.026315973624471,6,18.094737505048094,0,1,1,74,12.602272347591176,8.06588346497359,6218.16139502695,0.49201038026455,10.483525989750762,9.973014186341224,5.436614668039333,1005.0239639615511,1.239449553492126,1,1,6,5,4,4,1,2,2,28,20,23,5,1,0,0,0,0,0,0
higherOrderFunction,FernflowerChatGPT,0,5.0,0.0,0,1,4,1,0.002027400665191133,1.5,15.0,5,3,1,0.8333333333333334,4,10.0,0,2,1,66,7.802668429115305,3.3307403342279427,223.273532399364,0.23464159961290315,5.227650550951461,10.907029642049759,6.435090911199051,1920.1850578432898,3.868364007831424,0,1,0,1,8,0,0,0,0,26,2,0,0,0,0,0,0,0,1,1
higherOrderFunction,FernflowerJ2K,0,3.0,0.0,0,1,5,1,0.0038186432128421402,2.5,38.77443751081734,6,5,1,2.1541354172676304,6,15.509775004326936,0,1,1,107,12.278862979915374,7.518845702025859,4969.424188878747,0.4089410162003834,10.330925623874016,9.95456626327907,5.194538349784975,992.2544129681252,0.9043002609490333,1,1,1,9,2,7,2,1,3,25,16,36,5,0,1,1,1,1,0,0
higherOrderFunction,JDGUIChatGPT,0,5.0,0.0,0,1,4,1,0.002027400665191133,1.5,15.0,5,3,1,0.8333333333333334,4,10.0,0,2,1,63,5.203170966180194,0.9126365194701622,36.83922908656573,0.13008066805296428,2.7653152387443334,9.102871767314431,4.8123266846011905,549.8414151246852,2.204138443316404,0,1,0,0,8,0,0,0,1,25,2,0,0,0,0,0,0,0,1,0
higherOrderFunction,JDGUIJ2K,0,8.0,0.0,0,1,16,2,0.009905781746683879,3.0,162.0,18,6,2,9.0,8,54.0,0,2,1,235,18.102004850594472,13.033815046120678,281349.690461879,0.5588994434540765,13.615446465954332,9.621951612587823,4.553751173107398,787.9452689113537,2.240535361001728,0,1,1,0,2,0,1,1,2,39,13,5,0,0,0,0,0,0,0,0
higherOrderFunction,Original,0,5.0,0.0,0,1,4,1,0.002027400665191133,1.5,15.0,5,3,1,0.8333333333333334,4,10.0,0,2,1,61,4.214997302659252,0.0,18.57122790833402,0.0,0.8823529411764707,8.374307804625566,4.1592998659631055,331.83167718424943,1.4186920347576226,0,1,0,0,6,0,0,0,0,26,2,0,0,1,0,0,0,0,1,0
ifElseOperator,BytecodeChatGPT,0,6.0,3.0,1,2,2,3,0.00170906242423416,1.0,11.60964047443681,5,2,3,0.6449800263576005,5,11.60964047443681,0,1,3,46,6.709829844737341,2.4556341945068336,104.67911663587114,0.2784628348520182,4.277119157766833,12.03844895963291,7.784242673359332,4206.629258028559,4.505937155714986,0,1,0,0,9,0,0,0,0,26,2,0,0,0,0,0,0,0,1,0
ifElseOperator,CFRChatGPT,0,6.0,3.0,1,2,2,4,0.0020730784816858556,1.0,15.509775004326936,6,2,4,0.861654166907052,6,15.509775004326936,0,1,3,59,6.15905275919881,1.8643992856544684,71.45944278305697,0.17822511361248444,2.528033193698862,11.714670225729016,7.420006116101738,3360.989279867284,3.2070531009697585,0,1,0,0,7,0,0,0,1,26,2,0,0,1,0,0,0,0,1,0
ifElseOperator,CFRJ2K,0,3.0,0.0,0,1,5,2,0.004471319041702271,2.5,49.12871113600807,7,5,2,2.7293728408893374,7,19.651484454403228,0,1,1,77,16.03931345905082,11.308897307110504,67346.41171586214,0.5217232004639504,7.580070948872189,12.130665891988947,7.400239104444053,4484.296299751258,1.9121511596422778,1,1,6,5,4,4,1,2,2,28,20,23,5,1,0,0,0,0,0,0
ifElseOperator,FernflowerChatGPT,0,6.0,3.0,1,2,2,4,0.0020730784816858556,1.0,15.509775004326936,6,2,4,0.861654166907052,6,15.509775004326936,0,1,3,60,8.011021067277893,3.653183242266565,257.96312960203954,0.27155954456592224,3.4262305255030134,12.485643292193645,8.127794831139243,5735.260466088186,3.7186486035161637,0,1,0,1,8,0,0,0,0,26,2,0,0,0,0,0,0,0,1,1
ifElseOperator,FernflowerJ2K,0,5.0,0.0,0,1,5,1,0.003063600184050184,2.0,27.863137138648348,6,4,1,1.5479520632582415,5,13.931568569324174,0,2,1,80,15.571444550979878,10.873550646049528,48693.60020257885,0.5175010984509927,10.28207978924043,12.080648293718076,7.382743753143285,4331.491868901985,3.5974677927300465,1,1,1,9,2,7,2,1,3,25,16,36,5,0,1,1,1,1,0,0
ifElseOperator,JDGUIChatGPT,0,3.0,0.0,0,1,1,2,0.000593770903833207,0.5,2.377443751081734,3,1,2,0.13208020839342968,3,4.754887502163468,0,1,1,35,9.193771576494012,5.007067230384671,585.5999322530442,0.42558419305093237,7.097024335974944,15.342365648467219,11.155650666314806,41544.37833589544,6.517595714688651,0,1,0,0,8,0,0,0,1,25,2,0,0,0,0,0,0,0,1,0
ifElseOperator,JDGUIJ2K,0,3.0,0.0,0,1,1,2,0.000593770903833207,0.5,2.377443751081734,3,1,2,0.13208020839342968,3,4.754887502163468,0,1,1,41,11.11185046913617,6.7960261354111475,2213.096230932521,0.4407561659928477,6.024898942248013,15.29807938419105,10.982244414462818,40288.46961135561,5.275093757540306,0,1,1,0,2,0,1,1,2,39,13,5,0,0,0,0,0,0,0,0
ifElseOperator,Original,0,6.0,3.0,1,2,2,4,0.0020730784816858556,1.0,15.509775004326936,6,2,4,0.861654166907052,6,15.509775004326936,0,1,3,56,4.150158513166728,0.0,17.755062247067478,0.0,0.5860902344426084,10.247257658917082,6.09708850966742,1215.4355327972564,2.535418602772235,0,1,0,0,6,0,0,0,0,26,2,0,0,1,0,0,0,0,1,0
labeledBlocks,BytecodeChatGPT,0,14.0,5.0,1,4,8,5,0.012443977192778299,6.25,228.09758741718036,13,5,2,12.672088189843354,7,36.49561398674886,2,2,10,109,11.881949397895859,7.381427358791064,3774.1849259223263,0.4615652743728631,9.265328952092473,8.609742802240747,4.109210127690826,390.65270732197547,0.9976598926349826,0,1,0,0,9,0,0,0,0,26,2,0,0,0,0,0,0,0,1,0
labeledBlocks,CFRChatGPT,0,10.0,5.0,1,4,4,5,0.00610417685274441,3.75,78.36507320244847,9,3,2,4.353615177913804,5,20.89735285398626,2,0,10,92,7.37749485509733,2.982554136267856,166.28276759097344,0.3212467383679977,4.346709151904789,8.83860691150134,4.443655556987562,457.8105539069782,0.9087740400735987,0,1,0,0,7,0,0,0,1,26,2,0,0,1,0,0,0,0,1,0
labeledBlocks,CFRJ2K,0,10.0,5.0,1,4,11,5,0.015269685120401316,5.833333333333334,310.04662218948715,16,7,3,17.224812343860396,10,53.150849518197795,2,0,10,144,10.750898013918619,5.975705024844375,1723.2281580643437,0.3553353544762118,5.90056587740095,9.242345287556832,4.467141663077325,605.652008562036,1.0128036547603079,1,1,6,5,4,4,1,2,2,28,20,23,5,1,0,0,0,0,0,0
labeledBlocks,FernflowerChatGPT,0,10.0,5.0,1,4,4,5,0.00610417685274441,3.75,78.36507320244847,9,3,2,4.353615177913804,5,20.89735285398626,0,0,10,90,6.834669636810863,2.5416820349172857,114.14071037596237,0.3244428420556013,3.8938097963219254,8.4253503456391,4.132352108021355,343.782034980618,0.744111773886189,0,1,0,1,8,0,0,0,0,26,2,0,0,0,0,0,0,0,1,1
labeledBlocks,FernflowerJ2K,0,12.0,5.0,1,4,11,5,0.015269685120401316,5.833333333333334,310.04662218948715,16,7,3,17.224812343860396,10,53.150849518197795,0,1,10,146,13.1059915504418,8.241315175369904,8816.507465667435,0.410410076392365,6.5354652927855446,9.280171573747213,4.41548456334978,621.7417175816055,1.9759198038427987,1,1,1,9,2,7,2,1,3,25,16,36,5,0,1,1,1,1,0,0
labeledBlocks,JDGUIChatGPT,0,10.0,5.0,1,4,4,5,0.00610417685274441,3.75,78.36507320244847,9,3,2,4.353615177913804,5,20.89735285398626,2,0,10,92,7.37749485509733,2.982554136267856,166.28276759097344,0.3212467383679977,4.346709151904789,8.849028008887027,4.454076654373249,461.1294540920701,0.863594121086319,0,1,0,0,8,0,0,0,1,25,2,0,0,0,0,0,0,0,1,0
labeledBlocks,JDGUIJ2K,0,12.0,5.0,1,4,7,5,0.012604847345273484,5.833333333333334,232.5349666421154,12,7,3,12.9186092578953,10,39.86313713864835,2,1,10,104,9.613232122179125,4.946375856445425,783.197376551042,0.3317140706020412,5.983594275419846,9.790511697206316,5.1236447959079,885.6001751391922,1.905537248183209,0,1,1,0,2,0,1,1,2,39,13,5,0,0,0,0,0,0,0,0
labeledBlocks,Original,0,10.0,5.0,1,4,6,5,0.007321351315327646,3.3333333333333335,102.93634714211215,11,4,3,5.718685952339564,7,30.880904142633646,2,0,10,90,4.376406680679586,0.0,20.769674200362875,0.0,0.8174006698360239,8.507612820291719,4.1311955038082395,363.95412871464856,0.6384798003041037,0,1,0,0,6,0,0,0,0,26,2,0,0,1,0,0,0,0,1,0
lazyInitialization,BytecodeChatGPT,0,5.0,0.0,0,1,1,1,0.0003333333333333333,0.5,1.0,2,1,1,0.05555555555555555,2,2.0,0,1,1,82,6.673878149860575,2.328527213158412,102.10276672346438,0.24624136438403407,3.9254595197415303,12.118225801794287,7.772864229128778,4445.795281433482,4.056663713595631,0,1,0,0,9,0,0,0,0,26,2,0,0,0,0,0,0,0,1,0
lazyInitialization,CFRChatGPT,0,5.0,0.0,0,1,1,2,0.000593770903833207,0.5,2.377443751081734,3,1,2,0.13208020839342968,3,4.754887502163468,0,1,1,89,7.97106270802638,3.6716593553715136,250.91635639366484,0.3142096985440742,5.22273970823088,11.66796327292882,7.36854928435047,3253.9204658209305,3.524560064609193,0,1,0,0,7,0,0,0,1,26,2,0,0,1,0,0,0,0,1,0
lazyInitialization,CFRJ2K,0,1.0,0.0,0,1,3,0,0.0,0.0,0.0,3,3,0,0.0,3,4.754887502163468,0,0,1,79,17.893918660904866,13.355746720994533,243560.16349035996,0.6573716208964389,10.425471599120797,17.153729875703714,12.615547300148942,145809.9731885471,5.39949363384613,1,1,6,5,4,4,1,2,2,28,20,23,5,1,0,0,0,0,0,0
lazyInitialization,FernflowerChatGPT,0,9.0,0.0,0,1,3,2,0.0008346762933311173,0.5,3.96240625180289,5,1,2,0.22013368065571612,3,7.92481250360578,0,3,1,133,12.23554550259086,7.386598501219121,4822.433078409469,0.3663924121418827,10.362323790123236,14.589268087080182,9.740310449824824,24649.45429255736,6.300007588649101,0,1,0,1,8,0,0,0,0,26,2,0,0,0,0,0,0,0,1,1
lazyInitialization,FernflowerJ2K,0,15.0,0.0,0,1,14,3,0.00989216885123178,3.0,161.6661750735579,17,6,3,8.981454170753217,9,53.8887250245193,0,3,1,248,15.497847995894542,10.318265463143774,46271.87680477978,0.4724664887312052,12.011748765019705,12.193868540876348,7.014275372919633,4685.114336733148,5.016534822373259,1,1,1,9,2,7,2,1,3,25,16,36,5,0,1,1,1,1,0,0
lazyInitialization,JDGUIChatGPT,0,5.0,0.0,0,1,1,2,0.000593770903833207,0.5,2.377443751081734,3,1,2,0.13208020839342968,3,4.754887502163468,0,1,1,89,5.003293853345485,0.7038905008102085,32.073143471184224,0.10844242152026717,2.274591402136321,11.66796327292882,7.36854928435047,3253.9204658209305,3.5245600646106303,0,1,0,0,8,0,0,0,1,25,2,0,0,0,0,0,0,0,1,0
lazyInitialization,JDGUIJ2K,0,9.0,0.0,0,1,9,2,0.004929429926574472,2.0,56.86917501586544,11,4,2,3.159398611992524,6,28.43458750793272,0,2,1,206,10.86048935098303,6.10526653921151,1859.2297594813363,0.3570337134186691,7.781934554165413,11.981457111468181,7.22622366405222,4043.6911944555136,3.4620978359013423,0,1,1,0,2,0,1,1,2,39,13,5,0,0,0,0,0,0,0,0
lazyInitialization,Original,0,5.0,0.0,0,1,1,2,0.000593770903833207,0.5,2.377443751081734,3,1,2,0.13208020839342968,3,4.754887502163468,0,1,1,87,4.252995186066244,0.0,19.066857571463014,0.0,0.7781552490347158,11.215306479976098,6.962300657866782,2377.6266558692428,2.9776433680561567,0,1,0,0,6,0,0,0,0,26,2,0,0,1,0,0,0,0,1,0
list,BytecodeChatGPT,0,6.0,0.0,0,2,2,3,0.00170906242423416,1.0,11.60964047443681,5,2,3,0.6449800263576005,5,11.60964047443681,0,1,3,58,7.297858878134125,2.968575861189159,157.35278228613663,0.24236450614833568,4.677573854572829,11.901829363690902,7.572535710702864,3826.5521964866693,4.353784344688508,0,1,0,0,9,0,0,0,0,26,2,0,0,0,0,0,0,0,1,0
list,CFRChatGPT,0,8.0,0.0,0,2,4,3,0.0030105171772436758,1.5,27.14210625757214,7,3,3,1.5078947920873411,6,18.094737505048094,0,2,3,74,9.047975269666997,4.5879565703714515,529.3122635370892,0.2833304087583647,6.297601104017909,11.914922964277785,7.454893629018895,3861.4392639820235,4.9407680922465165,0,1,0,0,7,0,0,0,1,26,2,0,0,1,0,0,0,0,1,0
list,CFRJ2K,0,8.0,0.0,0,2,13,3,0.010862528153285396,3.5,186.02797331369229,16,7,3,10.334887406316238,10,53.150849518197795,0,2,3,131,18.199754686170078,13.192912947836644,301073.1831601934,0.5287110929600048,7.44935926110102,10.912483854008716,5.905631480309884,1927.4581946641208,2.4207613759768294,1,1,6,5,4,4,1,2,2,28,20,23,5,1,0,0,0,0,0,0
list,FernflowerChatGPT,0,6.0,0.0,0,2,2,3,0.00170906242423416,1.0,11.60964047443681,5,2,3,0.6449800263576005,5,11.60964047443681,0,1,3,59,8.202449940926186,3.810302717261653,294.5665784089767,0.2686678996279148,5.540018519832265,12.67853252451029,8.286374664802683,6555.692748053754,5.107440881012062,0,1,0,1,8,0,0,0,0,26,2,0,0,0,0,0,0,0,1,1
list,FernflowerJ2K,0,12.0,0.0,0,2,12,3,0.009100244885764636,3.0,142.64662506490407,15,6,3,7.924812503605782,9,47.548875021634686,0,4,3,161,16.282044076465503,11.33812707221647,79686.2991996989,0.5053183526023832,10.22592573299067,10.361484349500387,5.417556709925817,1315.5809883455804,3.2504406971978814,1,1,1,9,2,7,2,1,3,25,16,36,5,0,1,1,1,1,0,0
list,JDGUIChatGPT,0,8.0,0.0,0,2,4,3,0.0030105171772436758,1.5,27.14210625757214,7,3,3,1.5078947920873411,6,18.094737505048094,0,2,3,73,8.331343598295337,3.927733923849916,322.09525521122316,0.26328914036032053,5.617469293669526,12.145050591975838,7.741430281527208,4529.231582883263,4.6111890032259195,0,1,0,0,8,0,0,0,1,25,2,0,0,0,0,0,0,0,1,0
list,JDGUIJ2K,0,8.0,0.0,0,2,17,7,0.01380180748686968,3.0,266.4316597061586,24,6,7,14.801758872564367,13,88.81055323538621,0,2,3,135,21.584095247489277,16.49346082086228,3143837.5637874054,0.5844071224044931,9.20275481361942,12.755069247132035,7.664424185099771,6912.870801047564,2.8956312547637424,0,1,1,0,2,0,1,1,2,39,13,5,0,0,0,0,0,0,0,0
list,Original,0,6.0,0.0,0,2,2,3,0.00170906242423416,1.0,11.60964047443681,5,2,3,0.6449800263576005,5,11.60964047443681,0,1,3,56,4.173033892020166,0.0,18.0388303604061,0.0,0.7110902344426084,10.902384731882664,6.729340203779563,1914.01275928592,3.965345747320901,0,1,0,0,6,0,0,0,0,26,2,0,0,1,0,0,0,0,1,0
loops,BytecodeChatGPT,0,6.0,0.0,0,2,3,2,0.002239505320238735,1.5,17.414460711655217,5,3,2,0.9674700395364009,5,11.60964047443681,0,1,3,51,10.746265015615087,6.480945484380714,1717.7031459370983,0.4038392259118912,10.660751727235509,9.851982176099128,5.586652008981135,924.1493273680692,2.6720940130154895,0,1,0,0,9,0,0,0,0,26,2,0,0,0,0,0,0,0,1,0
loops,CFRChatGPT,0,4.0,0.0,0,2,1,2,0.000593770903833207,0.5,2.377443751081734,3,1,2,0.13208020839342968,3,4.754887502163468,0,0,3,45,7.913951048764593,3.731945233924654,241.17742273176827,0.3106442691552292,5.643959214808202,10.267116562742478,6.0851001118993295,1232.2818569821243,2.7458422535512597,0,1,0,0,7,0,0,0,1,26,2,0,0,1,0,0,0,0,1,0
loops,CFRJ2K,0,4.0,0.0,0,2,6,2,0.0057689982812296325,3.0,72.0,8,6,2,4.0,8,24.0,0,0,3,90,13.441160734720278,8.80332400673641,11122.247567096301,0.426811700768785,7.196391528795964,9.469078951772957,4.831231588184512,708.7234385882068,0.5906465014771625,1,1,6,5,4,4,1,2,2,28,20,23,5,1,0,0,0,0,0,0
loops,FernflowerChatGPT,0,6.0,0.0,0,2,2,2,0.0013333333333333333,1.0,8.0,4,2,2,0.4444444444444444,4,8.0,0,1,3,50,11.00580776714135,6.6809590374594885,2056.2611224201764,0.37704018234632464,7.427515356589208,9.27295745430183,4.948098088736349,618.640491572072,2.2784838204711315,0,1,0,1,8,0,0,0,0,26,2,0,0,0,0,0,0,0,1,1
loops,FernflowerJ2K,0,6.0,0.0,0,2,6,2,0.0057689982812296325,3.0,72.0,8,6,2,4.0,8,24.0,0,1,3,90,15.291481035579343,10.499078134321143,40104.625926234,0.4587901451590799,7.665315385754933,10.333403384943027,5.540989848120113,1290.2218016789423,1.6240882586329695,1,1,1,9,2,7,2,1,3,25,16,36,5,0,1,1,1,1,0,0
loops,JDGUIChatGPT,0,4.0,0.0,0,2,1,2,0.000593770903833207,0.5,2.377443751081734,3,1,2,0.13208020839342968,3,4.754887502163468,0,0,3,44,6.730647860250032,2.6242705433522797,106.20058185719505,0.2825897795962059,4.50644684042107,9.170967429762644,5.064579476861682,576.4163427981078,1.6694606819383564,0,1,0,0,8,0,0,0,1,25,2,0,0,0,0,0,0,0,1,0
loops,JDGUIJ2K,0,4.0,0.0,0,2,2,2,0.0013333333333333333,1.0,8.0,4,2,2,0.4444444444444444,4,8.0,0,0,3,48,10.043896788090805,5.7206653592134575,1055.6360344405243,0.35721020301494255,6.503661370645657,11.243487489031214,6.9202454241905205,2424.5268057537896,2.458174424062389,0,1,1,0,2,0,1,1,2,39,13,5,0,0,0,0,0,0,0,0
loops,Original,0,4.0,0.0,0,2,3,2,0.002239505320238735,1.5,17.414460711655217,5,3,2,0.9674700395364009,5,11.60964047443681,0,0,3,44,4.103909910282364,0.0,17.19491298836181,0.0,0.4603910001730774,8.06130451273653,3.9573839664110935,267.11265403471674,1.4424871892547064,0,1,0,0,6,0,0,0,0,26,2,0,0,1,0,0,0,0,1,0
nothing,BytecodeChatGPT,0,1.0,0.0,0,1,0,1,0.0,0.0,0.0,1,0,1,0.0,1,0.0,0,0,1,57,7.167735878817916,2.9626259787440463,143.7816623717236,0.22194439313094438,3.8186505585018886,12.216982952136705,8.011862415979902,4760.782327428236,5.186465335960095,0,1,0,0,9,0,0,0,0,26,2,0,0,0,0,0,0,0,1,0
nothing,CFRChatGPT,0,1.0,0.0,0,1,0,1,0.0,0.0,0.0,1,0,1,0.0,1,0.0,0,0,1,55,5.124273300078514,1.0617733000785132,34.878674282689,0.13993225267548978,2.9035584608723077,10.489097939573142,6.426587303490207,1437.252614257874,4.434401156796098,0,1,0,0,7,0,0,0,1,26,2,0,0,1,0,0,0,0,1,0
nothing,CFRJ2K,0,2.0,0.0,0,1,4,2,0.003290806962640765,2.0,31.019550008653873,6,4,2,1.723308333814104,6,15.509775004326936,0,0,1,125,15.276666903694467,10.399613494388111,39694.92372573525,0.46763833347714434,9.251289035882195,11.626484822947575,6.749420778196093,3161.700120906906,4.514818094063914,1,1,6,5,4,4,1,2,2,28,20,23,5,1,0,0,0,0,0,0
nothing,FernflowerChatGPT,0,1.0,0.0,0,1,0,1,0.0,0.0,0.0,1,0,1,0.0,1,0.0,0,0,1,57,7.167735878817916,2.9626259787440463,143.7816623717236,0.22194439313094438,3.788347528198858,12.216982952136705,8.011862415979902,4760.782327428236,5.1261911540580725,0,1,0,1,8,0,0,0,0,26,2,0,0,0,0,0,0,0,1,1
nothing,FernflowerJ2K,0,2.0,0.0,0,1,3,2,0.002239505320238735,1.5,17.414460711655217,5,3,2,0.9674700395364009,5,11.60964047443681,0,0,1,130,14.35475143701969,9.53484135791757,20951.289739688887,0.4473954577842684,8.921237474446988,11.778346945501298,6.958426230874324,3512.6568833062843,4.175593432381222,1,1,1,9,2,7,2,1,3,25,16,36,5,0,1,1,1,1,0,0
nothing,JDGUIChatGPT,0,1.0,0.0,0,1,0,1,0.0,0.0,0.0,1,0,1,0.0,1,0.0,0,0,1,55,5.124273300078514,1.0617733000785132,34.878674282689,0.13993225267548978,2.9035584608723077,10.489097939573142,6.426587303490207,1437.252614257874,4.434401156795637,0,1,0,0,8,0,0,0,1,25,2,0,0,0,0,0,0,0,1,0
nothing,JDGUIJ2K,0,2.0,0.0,0,1,0,2,0.0,0.0,0.0,2,0,2,0.0,2,2.0,0,0,1,87,12.97287530829646,8.445391714340332,8039.417776570543,0.4281946231386945,8.726703406320615,11.939946242762884,7.412452013042724,3928.999428919679,6.213570042183586,0,1,1,0,2,0,1,1,2,39,13,5,0,0,0,0,0,0,0,0
nothing,Original,0,1.0,0.0,0,1,0,1,0.0,0.0,0.0,1,0,1,0.0,1,0.0,0,0,1,53,3.9735572622751856,0.0,15.709411842309406,0.0,0.6896551724137931,9.731521727922905,5.757953829564784,850.1194323556135,3.6673441752679925,0,1,0,0,6,0,0,0,0,26,2,0,0,1,0,0,0,0,1,0
nullValueSafety,BytecodeChatGPT,0,3.0,0.0,0,1,1,0,0.0,0.0,0.0,1,1,0,0.0,1,0.0,0,1,1,37,5.795963687737627,1.7001684326569677,55.559576128655124,0.2715742195375079,5.352974245125226,11.072994686825846,6.97718879566225,2154.286909961916,3.3435360256346285,0,1,0,0,9,0,0,0,0,26,2,0,0,0,0,0,0,0,1,0
nullValueSafety,CFRChatGPT,0,3.0,0.0,0,1,1,0,0.0,0.0,0.0,1,1,0,0.0,1,0.0,0,1,1,37,7.450677575015317,3.3548823198947937,174.9352935460166,0.36103819647225155,8.683528503780472,11.113936250112067,7.018130358948471,2216.2981359207697,3.5708841194054703,0,1,0,0,7,0,0,0,1,26,2,0,0,1,0,0,0,0,1,0
nullValueSafety,CFRJ2K,0,3.0,0.0,0,1,5,0,0.0,0.0,0.0,5,5,0,0.0,5,11.60964047443681,0,1,1,80,13.700419757315832,9.103336938828438,13311.81581924098,0.46890989453395027,8.26609538997236,10.063433741690265,5.466340287478705,1070.0286735470552,1.3977920536230142,1,1,6,5,4,4,1,2,2,28,20,23,5,1,0,0,0,0,0,0
nullValueSafety,FernflowerChatGPT,0,5.0,0.0,0,1,2,0,0.0,0.0,0.0,2,1,0,0.0,1,0.0,0,2,1,47,9.338532407219223,5.102606056510464,647.4084597214097,0.3766282334773071,8.067589566491538,10.876140324955534,6.640203338243567,1879.5092821460973,3.690095197122628,0,1,0,1,8,0,0,0,0,26,2,0,0,0,0,0,0,0,1,1
nullValueSafety,FernflowerJ2K,0,5.0,0.0,0,1,5,0,0.0,0.0,0.0,5,4,0,0.0,4,10.0,0,2,1,87,14.001625290806112,9.290367595983398,16402.468053866804,0.4691169386847883,7.9835803374933105,11.148024032861164,6.436755702314282,2269.288050616235,2.076810329988117,1,1,1,9,2,7,2,1,3,25,16,36,5,0,1,1,1,1,0,0
nullValueSafety,JDGUIChatGPT,0,3.0,0.0,0,1,1,0,0.0,0.0,0.0,1,1,0,0.0,1,0.0,0,1,1,37,5.795963687737627,1.7001684326569677,55.559576128655124,0.2715742195375079,5.352974245125226,11.072994686825846,6.97718879566225,2154.286909961916,3.343536025634823,0,1,0,0,8,0,0,0,1,25,2,0,0,0,0,0,0,0,1,0
nullValueSafety,JDGUIJ2K,0,3.0,0.0,0,1,5,0,0.0,0.0,0.0,5,5,0,0.0,5,11.60964047443681,0,1,1,80,12.91367074576003,8.316587927272636,7716.178195958777,0.45368894508983265,7.45994039642987,9.969268454473266,5.372175000261706,1002.4179610453161,1.2904860047939901,0,1,1,0,2,0,1,1,2,39,13,5,0,0,0,0,0,0,0,0
nullValueSafety,Original,0,3.0,0.0,0,1,2,0,0.0,0.0,0.0,2,2,0,0.0,2,2.0,0,1,1,39,4.186704345910025,0.0,18.21057215746584,0.0,0.2857142857142857,10.008094309385255,5.821379327392295,1029.7613479201234,3.073839780677026,0,1,0,0,6,0,0,0,0,26,2,0,0,1,0,0,0,0,1,0
operatorOverloading,BytecodeChatGPT,0,7.0,0.0,0,1,6,6,0.003926316346159389,1.2,40.4259108776295,12,2,5,2.245883937646083,7,33.68825906469125,0,3,1,151,5.941614250013932,1.1448359484990134,61.46163539059205,0.1470376522166403,2.8212362858178532,8.447949164445514,3.6511602274456068,349.20954058291846,1.1296510434289833,0,1,0,0,9,0,0,0,0,26,2,0,0,0,0,0,0,0,1,0
operatorOverloading,CFRChatGPT,0,7.0,0.0,0,1,6,4,0.0029141701819800085,1.0,25.84962500721156,10,2,4,1.43609027817842,6,25.84962500721156,0,3,1,141,5.152823981561307,0.3887074044639543,35.575792291286426,0.08157402339971119,2.1021216767189945,8.548401279090207,3.7842740664680035,374.39082742205125,1.253970091087978,0,1,0,0,7,0,0,0,1,26,2,0,0,1,0,0,0,0,1,0
operatorOverloading,CFRJ2K,0,30.0,5.4,5,6,27,23,0.06115645923004781,11.5,2485.1086545602334,50,10,10,138.06159192001297,20,216.09640474436813,0,7,11,664,14.466999400778844,9.001719151064604,22646.483065580604,0.4667967804136809,11.188490102512034,8.572788765342588,3.1074978819371992,380.7733675188828,1.3111142491740708,1,1,6,5,4,4,1,2,2,28,20,23,5,1,0,0,0,0,0,0
operatorOverloading,FernflowerChatGPT,0,7.0,0.0,0,1,6,6,0.003926316346159389,1.2,40.4259108776295,12,2,5,2.245883937646083,7,33.68825906469125,0,3,1,157,8.130099597667765,3.1309017748074917,280.1585278351855,0.23279981630821617,4.471003976083095,10.301461688768653,5.302253230463252,1261.9698159902591,2.38382081319571,0,1,0,1,8,0,0,0,0,26,2,0,0,0,0,0,0,0,1,1
operatorOverloading,FernflowerJ2K,0,30.0,5.4,5,6,26,22,0.053241191342080885,9.9,2018.6151543883918,48,9,10,112.14528635491065,19,203.9005206452921,0,7,14,667,14.543958287543283,9.061210348787212,23887.335001092622,0.46844605521248567,11.168728991461391,8.973943592519834,3.491185020072616,502.8358121710582,2.528435630956238,1,1,1,9,2,7,2,1,3,25,16,36,5,0,1,1,1,1,0,0
operatorOverloading,JDGUIChatGPT,0,7.0,0.0,0,1,6,4,0.0029141701819800085,1.0,25.84962500721156,10,2,4,1.43609027817842,6,25.84962500721156,0,3,1,141,5.152823981561307,0.3887074044639543,35.575792291286426,0.08157402339971122,2.102121676718995,8.548401279090207,3.7842740664680035,374.39082742205125,1.2539700910879226,0,1,0,0,8,0,0,0,1,25,2,0,0,0,0,0,0,0,1,0
operatorOverloading,JDGUIJ2K,0,21.0,5.0,3,4,19,19,0.04378268343350285,9.5,1505.3429255206747,38,9,9,83.63016252892638,18,158.45715005480787,0,5,7,517,13.012239566386064,7.706480230356734,8261.795107042146,0.4355484926102374,10.549119870033277,8.541867774688654,3.2360978046891353,372.69916450297836,1.1657068067182201,0,1,1,0,2,0,1,1,2,39,13,5,0,0,0,0,0,0,0,0
operatorOverloading,Original,0,7.0,0.0,0,1,6,4,0.0029141701819800085,1.0,25.84962500721156,10,2,4,1.43609027817842,6,25.84962500721156,0,3,1,139,4.72921439294786,0.0,26.523778239829113,0.0,1.2963324612839306,8.219899060938245,3.490674032465534,298.15093708918005,0.8964011586435032,0,1,0,0,6,0,0,0,0,26,2,0,0,1,0,0,0,0,1,0
propertyDelegation,BytecodeChatGPT,0,6.0,0.0,0,1,4,3,0.002138831719813076,1.0,16.253496664211536,7,2,3,0.9029720369006409,5,16.253496664211536,0,1,1,119,5.8410632544230205,0.9537657904925387,57.32383617281599,0.13647802956120722,3.8952736959087213,10.95768744424803,6.070379344872423,1988.8068348832921,6.335643911351221,0,1,0,0,9,0,0,0,0,26,2,0,0,0,0,0,0,0,1,0
propertyDelegation,CFRChatGPT,0,6.0,0.0,0,1,4,3,0.002138831719813076,1.0,16.253496664211536,7,2,3,0.9029720369006409,5,16.253496664211536,0,1,1,111,5.3923176512055635,0.5083476819121348,42.0000066500031,0.09084090766363638,1.9837950335852836,11.104774640688126,6.220794035909709,2202.2684746572713,6.341114482228665,0,1,0,0,7,0,0,0,1,26,2,0,0,1,0,0,0,0,1,0
propertyDelegation,CFRJ2K,0,15.0,0.0,0,1,25,8,0.01961045038386316,3.5,451.24586379278395,33,7,8,25.069214655154664,15,128.92738965508113,0,1,1,347,17.06816666322367,11.57191638170859,137413.73260302105,0.5585950248375425,11.524908829902591,13.34245273798581,7.846191821942459,10386.721568369969,6.509989756853385,1,1,6,5,4,4,1,2,2,28,20,23,5,1,0,0,0,0,0,0
propertyDelegation,FernflowerChatGPT,0,6.0,0.0,0,1,4,3,0.002138831719813076,1.0,16.253496664211536,7,2,3,0.9029720369006409,5,16.253496664211536,0,1,1,119,9.222408705365872,4.044510397884957,597.3400756095566,0.2566711267312981,5.105716700337749,14.300148919833186,9.122239976867283,20173.152301386523,7.1811843425632595,0,1,0,1,8,0,0,0,0,26,2,0,0,0,0,0,0,0,1,1
propertyDelegation,FernflowerJ2K,0,25.0,0.0,0,1,41,10,0.027015111889696748,3.5,729.6121171631855,51,7,10,40.53400650906586,17,208.4606049037673,0,5,1,592,18.65337693018861,12.840397856890545,412312.0015627031,0.5662883996035115,12.796155302017679,14.071112112876678,8.258122405369248,17211.820900172752,7.366104224010481,1,1,1,9,2,7,2,1,3,25,16,36,5,0,1,1,1,1,0,0
propertyDelegation,JDGUIChatGPT,0,6.0,0.0,0,1,4,3,0.002138831719813076,1.0,16.253496664211536,7,2,3,0.9029720369006409,5,16.253496664211536,0,1,1,111,8.103953653429354,3.2199836840163356,275.1269496572198,0.29601135547466056,4.6133505733635545,10.902812805899913,6.018832201121496,1914.5807661592976,5.219770203429931,0,1,0,0,8,0,0,0,1,25,2,0,0,0,0,0,0,0,1,0
propertyDelegation,JDGUIJ2K,0,1.0,0.0,0,1,0,0,0.0,0.0,0.0,0,0,0,0.0,0,0.0,0,0,1,29,18.742283891641772,15.795844545735001,438520.23546648974,0.860079217002165,11.531798621670333,26.054847511403842,23.108397530051946,69709285.82375331,12.544912492358225,0,1,1,0,2,0,1,1,2,39,13,5,0,0,0,0,0,0,0,0
propertyDelegation,Original,0,6.0,0.0,0,1,4,3,0.002138831719813076,1.0,16.253496664211536,7,2,3,0.9029720369006409,5,16.253496664211536,0,1,1,109,4.868967076271645,0.0,29.221677125188034,0.0,0.8939233608685381,10.758066044769462,5.889088333012829,1731.8113228847346,6.03896323939239,0,1,0,0,6,0,0,0,0,26,2,0,0,1,0,0,0,0,1,0
recursion,BytecodeChatGPT,0,6.0,3.0,1,2,4,4,0.0063282199037776946,4.0,82.718800023077,8,4,2,4.5954888901709445,6,20.67970000576925,0,1,3,86,8.387899748118132,3.94153960243973,334.9727084615789,0.27237479117672814,7.721132104187627,8.258898259531104,3.812527478128536,306.32053175862154,0.8783393552003583,0,1,0,0,9,0,0,0,0,26,2,0,0,0,0,0,0,0,1,0
recursion,CFRChatGPT,0,6.0,3.0,1,2,4,4,0.0063282199037776946,4.0,82.718800023077,8,4,2,4.5954888901709445,6,20.67970000576925,0,1,3,86,6.287628137780169,1.949302796148041,78.12043826249332,0.1869149139594957,4.9971364125661495,8.340515023257927,4.002179045821904,324.1493844942221,0.8413371405353509,0,1,0,0,7,0,0,0,1,26,2,0,0,1,0,0,0,0,1,0
recursion,CFRJ2K,0,6.0,3.0,1,2,7,4,0.013018827926730956,7.0,244.08422511105806,11,7,2,13.560234728392114,9,34.86917501586544,0,1,3,124,10.124995228162433,5.445128733874903,1116.676224740741,0.31859701792953316,6.6143507570618025,8.467462172967538,3.78758504319502,353.9648207171715,0.2769060979961118,1,1,6,5,4,4,1,2,2,28,20,23,5,1,0,0,0,0,0,0
recursion,FernflowerChatGPT,0,8.0,3.0,1,2,6,6,0.009100244885764636,3.75,142.64662506490404,12,5,4,7.92481250360578,9,38.039100017307746,0,2,3,123,12.984782723005194,8.225047929037606,8106.046426812547,0.38764469832054327,9.289877942646896,9.131715785637745,4.371970356145305,560.9451060122746,1.5928291342797951,0,1,0,1,8,0,0,0,0,26,2,0,0,0,0,0,0,0,1,1
recursion,FernflowerJ2K,0,6.0,3.0,1,2,7,4,0.013018827926730956,7.0,244.08422511105806,11,7,2,13.560234728392114,9,34.86917501586544,0,1,3,126,11.911736470130126,7.0776133411338416,3852.919878536526,0.36156528976047747,5.928769325097404,9.650416060784039,4.81628229634263,803.6458473484345,1.5757761010390432,1,1,1,9,2,7,2,1,3,25,16,36,5,0,1,1,1,1,0,0
recursion,JDGUIChatGPT,0,6.0,3.0,1,2,5,4,0.006845154327775627,4.0,93.05865002596161,9,4,2,5.169925001442312,6,23.264662506490403,0,1,3,82,8.546922060435804,4.167504563484422,374.0071551530052,0.2863767808387245,5.871781013523405,8.372321196075246,3.992893063359834,331.3750554034645,1.0722504126478563,0,1,0,0,8,0,0,0,1,25,2,0,0,0,0,0,0,0,1,0
recursion,JDGUIJ2K,0,6.0,5.0,1,2,7,4,0.013018827926730956,7.0,244.08422511105806,11,7,2,13.560234728392114,9,34.86917501586544,0,1,3,130,10.702234038089033,6.036056516863404,1666.07085060103,0.33792540248421415,6.804832790321527,8.15572131649254,3.489533159821784,285.17848173580137,0.285720412127208,0,1,1,0,2,0,1,1,2,39,13,5,0,0,0,0,0,0,0,0
recursion,Original,0,4.0,3.0,1,2,3,4,0.004448949260613461,3.0,48.760489992634604,7,3,2,2.7089161107019226,5,16.253496664211536,0,0,3,78,4.191201429374546,0.0,18.26742563766259,0.0,0.932262500196679,7.829897784532157,3.638685719273992,227.5276053940468,-0.08066593760939089,0,1,0,0,6,0,0,0,0,26,2,0,0,1,0,0,0,0,1,0
reified,BytecodeChatGPT,0,3.0,0.0,0,1,6,0,0.0,0.0,0.0,6,4,0,0.0,4,12.0,0,1,1,81,8.199454077842152,3.6324138609155727,293.9555237659307,0.2402185548420475,4.588303046664925,11.407403680978277,6.840352828207941,2716.2558872299765,4.352113301334727,0,1,0,0,9,0,0,0,0,26,2,0,0,0,0,0,0,0,1,0
reified,CFRChatGPT,0,3.0,0.0,0,1,7,1,0.004625956812489424,2.5,51.69925001442312,8,5,1,2.87218055635684,6,20.67970000576925,0,1,1,80,9.735701481939715,5.0981153411072615,852.5859566415257,0.30296810237473903,5.321475767090177,11.700690719385022,7.063093942788538,3328.5790584886036,4.642348874900573,0,1,0,0,7,0,0,0,1,26,2,0,0,1,0,0,0,0,1,0
reified,CFRJ2K,0,13.0,0.0,0,1,17,5,0.014063978573548502,3.75,274.0590678282074,22,6,4,15.225503768233743,10,73.08241808752197,0,5,1,236,21.50661337330695,16.210158749488897,2979447.453796834,0.5907505173924218,9.107025819584127,11.708988430891106,6.412523172066424,3347.77865922455,5.375707835887269,1,1,6,5,4,4,1,2,2,28,20,23,5,1,0,0,0,0,0,0
reified,FernflowerChatGPT,0,1.0,0.0,0,1,5,0,0.0,0.0,0.0,5,3,0,0.0,3,7.92481250360578,0,0,1,75,5.183865214908228,0.7915477921294677,36.34954032578226,0.11472617060950177,2.5058642034227896,10.344022895159004,5.951694836456761,1299.7540138462662,3.266271582738346,0,1,0,1,8,0,0,0,0,26,2,0,0,0,0,0,0,0,1,1
reified,FernflowerJ2K,0,13.0,0.0,0,1,15,5,0.015027518834177791,4.375,302.7002666307635,20,7,4,16.81668147948686,11,69.18863237274594,0,2,1,232,21.358025608605033,16.038614775999118,2687858.217939273,0.6080188586394011,10.714183432372662,12.761769333556067,7.442347866023248,6945.049846682368,6.149653912581854,1,1,1,9,2,7,2,1,3,25,16,36,5,0,1,1,1,1,0,0
reified,JDGUIChatGPT,0,3.0,0.0,0,1,7,1,0.004625956812489424,2.5,51.69925001442312,8,5,1,2.87218055635684,6,20.67970000576925,0,1,1,80,9.735701481939715,5.0981153411072615,852.5859566415257,0.30296810237473903,5.321475767090177,11.700690719385022,7.063093942788538,3328.5790584886036,4.642348874900495,0,1,0,0,8,0,0,0,1,25,2,0,0,0,0,0,0,0,1,0
reified,JDGUIJ2K,0,7.0,0.0,0,1,5,3,0.003290806962640765,1.5,31.019550008653873,8,3,3,1.723308333814104,6,20.67970000576925,0,2,1,117,19.288572585110117,14.492427103859269,640381.7131845653,0.6335108945634034,10.95931404750903,12.125643670028099,7.329487553451715,4468.71298063601,5.75668243569768,0,1,1,0,2,0,1,1,2,39,13,5,0,0,0,0,0,0,0,0
reified,Original,0,1.0,0.0,0,1,5,0,0.0,0.0,0.0,5,3,0,0.0,3,7.92481250360578,0,0,1,73,4.353055907333276,0.0,20.436212076085305,0.0,0.8205128205128207,9.768586984200667,5.415520440943909,872.2434111237376,2.635991797810571,0,1,0,0,6,0,0,0,0,26,2,0,0,1,0,0,0,0,1,0
result,BytecodeChatGPT,0,16.0,3.0,3,4,8,3,0.006317055768674653,2.5,82.5,11,5,3,4.583333333333333,8,33.0,0,3,8,198,8.742593465020267,3.9612508660441024,428.33431952887423,0.3151918233496767,7.159814879762712,8.180451544612017,3.3990983105494954,290.10906075580436,1.6828152124658458,0,1,0,0,9,0,0,0,0,26,2,0,0,0,0,0,0,0,1,0
result,CFRChatGPT,0,13.0,3.0,2,3,7,3,0.0048876146417121315,2.0,56.14709844115208,10,4,3,3.1192832467306713,7,28.07354922057604,0,3,5,191,7.346283256083419,2.627591495104902,162.72400202536278,0.275420617702957,6.25240402661085,8.200588313072437,3.4818859168879728,294.1867201033923,1.8221129785282653,0,1,0,0,7,0,0,0,1,26,2,0,0,1,0,0,0,0,1,0
result,CFRJ2K,0,1.0,0.0,0,1,0,0,0.0,0.0,0.0,0,0,0,0.0,0,0.0,0,0,1,11,18.06672174120656,15.31672173993094,274552.35130331933,0.8669553746707798,5.756585220933089,23.302759494571607,20.552748857930588,10347360.72693761,8.487390858570905,1,1,6,5,4,4,1,2,2,28,20,23,5,1,0,0,0,0,0,0
result,FernflowerChatGPT,0,16.0,3.0,3,4,8,3,0.006317055768674653,2.5,82.5,11,5,3,4.583333333333333,8,33.0,0,3,7,194,8.215060507422443,3.397911438169414,297.15266456685754,0.27966748522376206,6.664269729269945,8.27523659863003,3.4580768942906452,309.8092906770166,2.3239070925838434,0,1,0,1,8,0,0,0,0,26,2,0,0,0,0,0,0,0,1,1
result,FernflowerJ2K,0,1.0,0.0,0,1,0,0,0.0,0.0,0.0,0,0,0,0.0,0,0.0,0,0,1,11,18.06672174120656,15.31672173993094,274552.35130331933,0.8669553746707797,5.756585220933089,23.302759494571607,20.552748857930588,10347360.72693761,8.487390858576822,1,1,1,9,2,7,2,1,3,25,16,36,5,0,1,1,1,1,0,0
result,JDGUIChatGPT,0,13.0,3.0,2,3,7,3,0.0048876146417121315,2.0,56.14709844115208,10,4,3,3.1192832467306713,7,28.07354922057604,0,3,5,189,8.027996841257883,3.262171556276712,261.0164353584231,0.2921429822915138,5.892490947736307,8.171156254907892,3.4053203347606376,288.24589559567505,1.8295231855899041,0,1,0,0,8,0,0,0,1,25,2,0,0,0,0,0,0,0,1,0
result,JDGUIJ2K,0,1.0,0.0,0,1,0,0,0.0,0.0,0.0,0,0,0,0.0,0,0.0,0,0,1,11,18.06672174120656,15.31672173993094,274552.35130331933,0.8669553746707798,5.756585220933088,23.302759494571607,20.552748857930588,10347360.72693761,8.487390858567636,0,1,1,0,2,0,1,1,2,39,13,5,0,0,0,0,0,0,0,0
result,Original,0,6.0,3.0,1,2,5,3,0.00421201861424495,2.0,44.91767875292167,8,4,3,2.495426597384537,7,22.458839376460833,0,1,3,158,4.660907447384512,0.0,25.297228796661567,0.0,1.3137218755408664,7.646859174091728,2.9859410913418167,200.4167355917282,1.034856899536989,0,1,0,0,6,0,0,0,0,26,2,0,0,1,0,0,0,0,1,0
safeCast,BytecodeChatGPT,0,5.0,0.0,0,1,3,1,0.001141821107885979,1.0,6.339850002884624,4,2,1,0.3522138890491458,3,6.339850002884624,0,2,1,50,5.442547662610629,1.1356570670021104,43.48806651203076,0.144550390207278,2.9729827335506807,11.156741844003992,6.849840612352402,2283.0422515905616,5.376884783821871,0,1,0,0,9,0,0,0,0,26,2,0,0,0,0,0,0,0,1,0
safeCast,CFRChatGPT,0,5.0,0.0,0,1,3,1,0.001141821107885979,1.0,6.339850002884624,4,2,1,0.3522138890491458,3,6.339850002884624,0,2,1,46,5.559347144078702,1.251992222021098,47.15527117392008,0.17603456907644344,4.4194351447976175,11.524779084658718,7.217413526558041,2946.48475139943,6.128144286798364,0,1,0,0,7,0,0,0,1,26,2,0,0,1,0,0,0,0,1,0
safeCast,CFRJ2K,0,5.0,0.0,0,1,5,1,0.003063600184050184,2.0,27.863137138648348,6,4,1,1.5479520632582415,5,13.931568569324174,0,2,1,81,12.628920972758669,7.973580259437272,6334.08702141874,0.44803742448090256,6.497086893306719,10.05378055971455,5.398429210708849,1062.8929300325517,2.2520869458284634,1,1,6,5,4,4,1,2,2,28,20,23,5,1,0,0,0,0,0,0
safeCast,FernflowerChatGPT,0,5.0,0.0,0,1,3,1,0.001141821107885979,1.0,6.339850002884624,4,2,1,0.3522138890491458,3,6.339850002884624,0,2,1,50,5.442547662610629,1.1356570670021104,43.48806651203076,0.144550390207278,2.9729827335506807,11.156741844003992,6.849840612352402,2283.0422515905616,5.376884783816585,0,1,0,1,8,0,0,0,0,26,2,0,0,0,0,0,0,0,1,1
safeCast,FernflowerJ2K,0,8.0,3.0,1,2,6,1,0.004231947544565554,2.5,45.23684376262024,7,5,1,2.5131579868122356,6,18.094737505048094,0,2,3,95,14.261609579351042,9.380278002997796,19641.392294881054,0.4566598672389145,8.542986522761417,11.037574602641465,6.156232390723504,2102.040284383821,2.8974511444665874,1,1,1,9,2,7,2,1,3,25,16,36,5,0,1,1,1,1,0,0
safeCast,JDGUIChatGPT,0,5.0,0.0,0,1,3,1,0.001141821107885979,1.0,6.339850002884624,4,2,1,0.3522138890491458,3,6.339850002884624,0,2,1,50,5.442547662610629,1.1356570670021104,43.48806651203076,0.144550390207278,2.9729827335506824,11.156741844003992,6.849840612352402,2283.0422515905616,5.376884783823757,0,1,0,0,8,0,0,0,1,25,2,0,0,0,0,0,0,0,1,0
safeCast,JDGUIJ2K,0,8.0,5.0,1,2,3,1,0.001141821107885979,1.0,6.339850002884624,4,2,1,0.3522138890491458,3,6.339850002884624,0,2,3,64,10.467116809965791,5.964060902592654,1415.5203845746425,0.37126802844599477,11.28971783687314,10.807102106327454,6.304035563110558,1791.6860001023265,4.737893480335155,0,1,1,0,2,0,1,1,2,39,13,5,0,0,0,0,0,0,0,0
safeCast,Original,0,5.0,0.0,0,1,3,1,0.001141821107885979,1.0,6.339850002884624,4,2,1,0.3522138890491458,3,6.339850002884624,0,2,1,48,4.2359263506290326,0.0,18.842602696852985,0.0,0.5925925925925926,10.392741896122184,6.156804909450079,1344.3954932202844,4.622822368630846,0,1,0,0,6,0,0,0,0,26,2,0,0,1,0,0,0,0,1,0
scopeFunctions,BytecodeChatGPT,0,7.0,0.0,0,1,7,6,0.0038334383504100753,1.0,39.0,13,2,6,2.1666666666666665,8,39.0,0,3,1,218,5.712171250504933,0.6681983300246078,52.424571184917745,0.21841966780070718,5.803018114851791,10.085754418861761,5.041770863295079,1086.7123658309495,4.316709014016312,0,1,0,0,9,0,0,0,0,26,2,0,0,0,0,0,0,0,1,0
scopeFunctions,CFRChatGPT,0,9.0,0.0,0,1,8,6,0.004027587078653516,1.0,42.0,14,2,6,2.3333333333333335,8,42.0,0,4,1,259,5.304536070030632,0.3022422330840035,39.52068560841546,0.16122756020895596,5.4743329752010865,9.546838209184754,4.5445337371517684,747.970836036507,3.856655739027211,0,1,0,0,7,0,0,0,1,26,2,0,0,1,0,0,0,0,1,0
scopeFunctions,CFRJ2K,0,78.0,6.75,8,9,74,38,0.1147115982799197,11.399999999999999,6383.999999999999,112,12,20,354.66666666666663,32,560.0,0,23,17,1130,16.15915423398771,10.399986637080424,73179.61646086993,0.5049001588397671,14.699842993204822,10.382271984923932,4.623093755122763,1334.6742774775912,4.6698972217886014,1,1,6,5,4,4,1,2,2,28,20,23,5,1,0,0,0,0,0,0
scopeFunctions,FernflowerChatGPT,0,3.0,0.0,0,1,5,6,0.0034294254927005915,1.0,33.0,11,2,6,1.8333333333333333,8,33.0,0,1,1,208,5.374722653051618,0.7529953317349529,41.490888680077454,0.3704396896728491,6.819078290333272,9.309995975191146,4.6882580188279865,634.7285716101005,3.3009187543967577,0,1,0,1,8,0,0,0,0,26,2,0,0,0,0,0,0,0,1,1
scopeFunctions,FernflowerJ2K,0,70.0,6.5,8,9,66,40,0.11442392010179964,12.0,6360.0,106,12,20,353.3333333333333,32,530.0,0,19,23,1080,16.62054666274173,10.844136432939827,100758.82395406776,0.5208905035620413,14.646589389704896,11.579976368811913,5.803555505996535,3061.4011153758743,5.7974765795501035,1,1,1,9,2,7,2,1,3,25,16,36,5,0,1,1,1,1,0,0
scopeFunctions,JDGUIChatGPT,0,9.0,0.0,0,1,8,6,0.004027587078653516,1.0,42.0,14,2,6,2.3333333333333335,8,42.0,0,4,1,222,5.367208359208602,0.5324019433082247,41.27534472433808,0.28304142342324523,6.143459306680071,10.049614410386257,5.214797359399522,1059.8279835566766,4.671478439233359,0,1,0,0,8,0,0,0,1,25,2,0,0,0,0,0,0,0,1,0
scopeFunctions,JDGUIJ2K,0,57.0,7.0,5,6,55,30,0.08912734287246087,10.588235294117647,4372.182895614815,85,12,17,242.8990497563786,29,412.9283845858436,0,20,12,868,15.662435516978919,9.992495982430253,51863.628263055114,0.49247536492220323,14.590045541818036,10.696374008162865,5.026423840321683,1659.317224127871,4.877060941269383,0,1,1,0,2,0,1,1,2,39,13,5,0,0,0,0,0,0,0,0
scopeFunctions,Original,0,11.0,0.0,0,1,9,6,0.004217163326508746,1.0,45.0,15,2,6,2.5,8,45.0,0,5,1,263,5.016447110730176,0.0,32.3668959724153,0.0,1.553964498003635,10.259065701325493,5.242607955469097,1225.4243437458829,4.264295373710288,0,1,0,0,6,0,0,0,0,26,2,0,0,1,0,0,0,0,1,0
sequenceProcessing,BytecodeChatGPT,0,3.0,0.0,0,1,4,7,0.006457313583410306,2.3333333333333335,85.26282110210897,11,4,6,4.736823394561609,10,36.541209043760986,0,1,1,94,5.261450330155262,0.6453838701627314,38.35786003155544,0.10297972858524235,2.241322485603627,8.497014609413368,3.880937513736533,361.2902744905585,0.5377579701264313,0,1,0,0,9,0,0,0,0,26,2,0,0,0,0,0,0,0,1,0
sequenceProcessing,CFRChatGPT,0,3.0,0.0,0,1,4,7,0.006457313583410306,2.3333333333333335,85.26282110210897,11,4,6,4.736823394561609,10,36.541209043760986,0,1,1,94,5.261450330155262,0.6453838701627314,38.35786003155544,0.10297972858524237,2.241322485603627,8.497014609413368,3.880937513736533,361.2902744905585,0.5377579701263616,0,1,0,0,7,0,0,0,1,26,2,0,0,1,0,0,0,0,1,0
sequenceProcessing,CFRJ2K,0,3.0,0.0,0,1,8,5,0.006312871783006906,2.0,82.41805003750011,13,4,5,4.578780557638895,9,41.209025018750054,0,1,1,100,18.89356543848741,13.990150143107707,487001.0774144967,0.6053366369605908,6.492010929010604,11.221288139542352,6.31786220891684,2387.5051661250045,1.336589933939086,1,1,6,5,4,4,1,2,2,28,20,23,5,1,0,0,0,0,0,0
sequenceProcessing,FernflowerChatGPT,0,3.0,0.0,0,1,4,7,0.006457313583410306,2.3333333333333335,85.26282110210897,11,4,6,4.736823394561609,10,36.541209043760986,0,1,1,94,5.261450330155262,0.6453838701627314,38.35786003155544,0.10297972858524235,2.241322485603627,8.497014609413368,3.880937513736533,361.2902744905585,0.5377579701260488,0,1,0,1,8,0,0,0,0,26,2,0,0,0,0,0,0,0,1,1
sequenceProcessing,FernflowerJ2K,0,5.0,0.0,0,1,12,7,0.014506409214276327,4.083333333333334,287.0924481324464,19,7,6,15.949580451802579,13,70.30835464468075,0,2,1,220,15.18772293741506,10.014739919184013,37321.59278566558,0.4509372413058337,10.085696182329633,9.630250872507075,4.4572572192295326,792.4910722301363,1.2946072922215084,1,1,1,9,2,7,2,1,3,25,16,36,5,0,1,1,1,1,0,0
sequenceProcessing,JDGUIChatGPT,0,5.0,0.0,0,1,5,7,0.006842963937699977,2.3333333333333335,93.01398665684616,12,4,6,5.16744370315812,10,39.86313713864835,0,2,1,109,7.529582284225489,2.8502225985473606,184.76943141516566,0.24451662184054593,4.973396508100298,9.228951703585816,4.54958138230311,600.0553211391598,1.323555013719795,0,1,0,0,8,0,0,0,1,25,2,0,0,0,0,0,0,0,1,0
sequenceProcessing,JDGUIJ2K,0,10.0,0.0,0,1,30,28,0.06154116276021191,10.181818181818182,2508.5942843026846,58,8,11,139.36634912792692,19,246.37979577972794,0,2,1,394,21.24760818974081,15.784089432482823,2489816.847117954,0.6096799564329813,12.02381469159565,9.75845675642146,4.294927364874376,866.1401983596999,2.013807233068515,0,1,1,0,2,0,1,1,2,39,13,5,0,0,0,0,0,0,0,0
sequenceProcessing,Original,0,3.0,0.0,0,1,4,7,0.006457313583410306,2.3333333333333335,85.26282110210897,11,4,6,4.736823394561609,10,36.541209043760986,0,1,1,92,4.588900405207241,0.0,24.06559862395256,0.0,0.864786979256811,7.951882915336629,3.362971874445084,247.6026449015769,-0.08803242231984347,0,1,0,0,6,0,0,0,0,26,2,0,0,1,0,0,0,0,1,0
simpleException,BytecodeChatGPT,0,3.0,0.0,0,1,2,3,0.00170906242423416,1.0,11.60964047443681,5,2,3,0.6449800263576005,5,11.60964047443681,0,1,1,52,6.49353969366059,2.0861016351305723,90.10527694217026,0.22414881851203045,3.722918816737809,10.984033532987265,6.576584838533766,2025.4595145552032,3.282458127709591,0,1,0,0,9,0,0,0,0,26,2,0,0,0,0,0,0,0,1,0
simpleException,CFRChatGPT,0,3.0,0.0,0,1,2,3,0.00170906242423416,1.0,11.60964047443681,5,2,3,0.6449800263576005,5,11.60964047443681,0,1,1,52,6.49353969366059,2.0861016351305723,90.10527694217026,0.22414881851203042,3.7229188167378098,10.98199731756451,6.574548623111011,2022.6028035655288,3.3812073060475663,0,1,0,0,7,0,0,0,1,26,2,0,0,1,0,0,0,0,1,0
simpleException,CFRJ2K,0,3.0,0.0,0,1,6,3,0.006473720020679235,3.0,85.58797503894243,9,6,3,4.754887502163468,9,28.52932501298081,0,1,1,94,12.491999538123544,7.705956212453053,5760.5847026020765,0.39490214059628015,6.17055738905774,10.192032720538203,5.405978759342862,1169.7890874626194,1.5671914446769666,1,1,6,5,4,4,1,2,2,28,20,23,5,1,0,0,0,0,0,0
simpleException,FernflowerChatGPT,0,3.0,0.0,0,1,2,3,0.00170906242423416,1.0,11.60964047443681,5,2,3,0.6449800263576005,5,11.60964047443681,0,1,1,52,6.49353969366059,2.0861016351305723,90.10527694217026,0.22414881851203045,3.722918816737809,10.984033532987265,6.576584838533766,2025.4595145552032,3.2824581277089355,0,1,0,1,8,0,0,0,0,26,2,0,0,0,0,0,0,0,1,1
simpleException,FernflowerJ2K,0,5.0,0.0,0,1,6,3,0.005526047247960579,2.5,67.5,9,5,3,3.75,8,27.0,0,2,1,98,13.734926364359458,8.881259925336392,13634.048165346181,0.43419299185936067,8.122129535095182,11.545550115895178,6.69187304134726,2989.213268460987,2.9117102831783437,1,1,1,9,2,7,2,1,3,25,16,36,5,0,1,1,1,1,0,0
simpleException,JDGUIChatGPT,0,3.0,0.0,0,1,2,3,0.00170906242423416,1.0,11.60964047443681,5,2,3,0.6449800263576005,5,11.60964047443681,0,1,1,52,6.49353969366059,2.0861016351305723,90.10527694217026,0.22414881851203045,3.7229188167378098,10.92585074316382,6.518402048710321,1945.3995086065067,3.474922315050708,0,1,0,0,8,0,0,0,1,25,2,0,0,0,0,0,0,0,1,0
simpleException,JDGUIJ2K,0,3.0,0.0,0,1,2,3,0.00170906242423416,1.0,11.60964047443681,5,2,3,0.6449800263576005,5,11.60964047443681,0,1,1,58,8.128420318579659,3.662474385460223,279.8326165076377,0.2765434473462703,4.352072532760302,11.372191736396424,6.906235167393366,2650.762567406203,3.80380840719942,0,1,1,0,2,0,1,1,2,39,13,5,0,0,0,0,0,0,0,0
simpleException,Original,0,3.0,0.0,0,1,2,3,0.00170906242423416,1.0,11.60964047443681,5,2,3,0.6449800263576005,5,11.60964047443681,0,1,1,50,4.340662439139976,0.0,20.26140675395686,0.0,0.47548875021634684,10.548643642908278,6.2079705678049555,1497.8149121683316,2.94822267588635,0,1,0,0,6,0,0,0,0,26,2,0,0,1,0,0,0,0,1,0
simpleLambda,BytecodeChatGPT,0,5.0,0.0,0,1,4,5,0.0039311120913133445,1.5,40.5,9,3,5,2.25,8,27.0,0,2,1,78,7.630064757762,3.0053127727357447,198.09721089604662,0.22949514712504662,6.96577574297239,9.92364751799392,5.298884897163772,971.2154205086788,2.9452418771651376,0,1,0,0,9,0,0,0,0,26,2,0,0,0,0,0,0,0,1,0
simpleLambda,CFRChatGPT,0,5.0,0.0,0,1,3,5,0.0026534054573181228,1.0,22.458839376460833,8,2,5,1.2477132986922685,7,22.458839376460833,0,2,1,73,8.737600683016707,4.208727605550849,426.85453096652424,0.34501338932095355,5.669070186408397,9.157533820954942,4.628650107725054,571.0739716863482,1.739140814003698,0,1,0,0,7,0,0,0,1,26,2,0,0,1,0,0,0,0,1,0
simpleLambda,CFRJ2K,0,19.0,0.0,0,2,26,6,0.01852932716539323,3.5,414.44924843180235,32,7,6,23.02495824621124,13,118.41407098051495,0,7,3,227,19.368210231460697,13.969535895952548,676725.033090809,0.5717092913002148,10.928799154838847,10.542943601535322,5.144258631299583,1491.9087691423288,2.731408415900426,1,1,6,5,4,4,1,2,2,28,20,23,5,1,0,0,0,0,0,0
simpleLambda,FernflowerChatGPT,0,3.0,0.0,0,1,3,5,0.0036342411856642785,1.5,36.0,8,3,5,2.0,8,24.0,0,1,1,71,5.331691191411444,0.8352518467404291,40.27160849967576,0.11983058522720293,2.527487950064851,9.14993364905754,4.653483668542767,568.0734428500156,1.3645603911352762,0,1,0,1,8,0,0,0,0,26,2,0,0,0,0,0,0,0,1,1
simpleLambda,FernflowerJ2K,0,23.0,0.0,0,2,23,6,0.015330206039383091,3.0,311.89173756274056,29,6,6,17.327318753485585,12,103.96391252091352,0,9,3,250,17.962320686130113,12.594991831979103,255386.13658084878,0.5646178001047234,12.356604317484917,11.137564285059732,5.770224796220996,2252.894882118113,4.139840936478326,1,1,1,9,2,7,2,1,3,25,16,36,5,0,1,1,1,1,0,0
simpleLambda,JDGUIChatGPT,0,9.0,0.0,0,1,5,5,0.003079004285433752,1.0,28.07354922057604,10,2,5,1.5596416233653356,7,28.07354922057604,0,4,1,94,9.719910652226401,5.1271506963195685,843.304973211729,0.36286256641831205,9.784644534537913,9.580180572372646,4.987409980781507,765.458616579202,2.6594814904460122,0,1,0,0,8,0,0,0,1,25,2,0,0,0,0,0,0,0,1,0
simpleLambda,JDGUIJ2K,0,21.0,5.0,1,2,31,13,0.031236363164748905,5.571428571428571,907.1363651900162,44,6,7,50.39646473277868,13,162.81934759820805,0,8,3,291,20.11855624503381,14.811494468099157,1138384.3043317809,0.6186754552390644,13.50277869230156,10.583730226308694,5.276657814726181,1534.6885895354778,2.78327451405238,0,1,1,0,2,0,1,1,2,39,13,5,0,0,0,0,0,0,0,0
simpleLambda,Original,0,3.0,0.0,0,1,3,5,0.0036342411856642785,1.5,36.0,8,3,5,2.0,8,24.0,0,1,1,69,4.45148902643068,0.0,21.879214312281718,0.0,0.7639097974727137,8.481364835095642,4.0298651728212045,357.3923231381273,0.597416229096906,0,1,0,0,6,0,0,0,0,26,2,0,0,1,0,0,0,0,1,0
simpleMethod,BytecodeChatGPT,0,1.0,0.0,0,1,0,1,0.0,0.0,0.0,1,0,1,0.0,1,0.0,0,0,1,27,5.810841310594526,2.1858413105945256,56.13549214944079,0.19844377867977073,5.0883596560676345,14.05508075664447,10.430070120242629,17021.620328074096,6.243534613878122,0,1,0,0,9,0,0,0,0,26,2,0,0,0,0,0,0,0,1,0
simpleMethod,CFRChatGPT,0,1.0,0.0,0,1,0,1,0.0,0.0,0.0,1,0,1,0.0,1,0.0,0,0,1,27,5.810841310594526,2.1858413105945256,56.13549214944079,0.19844377867977073,5.0883596560676345,14.05508075664447,10.430070120242629,17021.620328074096,6.24353461388165,0,1,0,0,7,0,0,0,1,26,2,0,0,1,0,0,0,0,1,0
simpleMethod,CFRJ2K,0,1.0,0.0,0,1,4,1,0.002712967490108627,2.0,23.21928094887362,5,4,1,1.289960052715201,5,11.60964047443681,0,0,1,70,17.12827325328294,12.662961721017977,143259.69531566522,0.5149408548020535,5.768620115976475,11.827308903352927,7.361986735164479,3633.914860064081,1.8371775215270538,1,1,6,5,4,4,1,2,2,28,20,23,5,1,0,0,0,0,0,0
simpleMethod,FernflowerChatGPT,0,3.0,0.0,0,1,1,1,0.0003333333333333333,0.5,1.0,2,1,1,0.05555555555555555,2,2.0,0,1,1,33,12.62130047620529,8.699372381317929,6300.7177854094425,0.3801964348820382,9.727025636976594,13.236342629333409,9.314403898163794,9650.196670112222,5.551436199107408,0,1,0,1,8,0,0,0,0,26,2,0,0,0,0,0,0,0,1,1
simpleMethod,FernflowerJ2K,0,3.0,0.0,0,1,4,1,0.002712967490108627,2.0,23.21928094887362,5,4,1,1.289960052715201,5,11.60964047443681,0,1,1,73,17.875919984430688,13.293019474065577,240540.447948126,0.5054793069846447,7.078609032478573,12.62700460647158,8.044093460182985,6325.678887912955,3.8499159482392584,1,1,1,9,2,7,2,1,3,25,16,36,5,0,1,1,1,1,0,0
simpleMethod,JDGUIChatGPT,0,1.0,0.0,0,1,0,1,0.0,0.0,0.0,1,0,1,0.0,1,0.0,0,0,1,27,5.810841310594526,2.1858413105945256,56.13549214944079,0.19844377867977073,5.0883596560676345,14.05508075664447,10.430070120242629,17021.620328074096,6.2435346138801044,0,1,0,0,8,0,0,0,1,25,2,0,0,0,0,0,0,0,1,0
simpleMethod,JDGUIJ2K,0,1.0,0.0,0,1,0,1,0.0,0.0,0.0,1,0,1,0.0,1,0.0,0,0,1,34,10.484646772836793,6.568519826248509,1432.8250728041269,0.34344068668061584,5.624404613076088,15.474402618212503,11.558265035262242,45525.985220264134,5.969630812685816,0,1,1,0,2,0,1,1,2,39,13,5,0,0,0,0,0,0,0,0
simpleMethod,Original,0,1.0,0.0,0,1,0,1,0.0,0.0,0.0,1,0,1,0.0,1,0.0,0,0,1,25,3.521640636343318,0.0,11.484694984106929,0.0,0.3076923076923077,12.941129276958032,9.419478004212872,7864.445191739628,4.810735725402692,0,1,0,0,6,0,0,0,0,26,2,0,0,1,0,0,0,0,1,0
singleton,BytecodeChatGPT,0,1.0,0.0,0,1,0,1,0.0,0.0,0.0,1,0,1,0.0,1,0.0,0,0,1,53,6.0031596171554815,2.2187911295187566,64.14031870075482,0.22778460188527358,4.2055782216610735,13.539759423249963,9.755380299330987,11908.956817063794,6.201772069222012,0,1,0,0,9,0,0,0,0,26,2,0,0,0,0,0,0,0,1,0
singleton,CFRChatGPT,0,1.0,0.0,0,1,0,1,0.0,0.0,0.0,1,0,1,0.0,1,0.0,0,0,1,53,4.87396103187576,1.0895925442788983,29.323004585634134,0.1361696169111696,3.037052147772716,13.539759423249963,9.755380299330987,11908.956817063794,6.20177206923143,0,1,0,0,7,0,0,0,1,26,2,0,0,1,0,0,0,0,1,0
singleton,CFRJ2K,0,3.0,0.0,0,1,5,1,0.0038186432128421402,2.5,38.77443751081734,6,5,1,2.1541354172676304,6,15.509775004326936,0,0,1,142,14.273885841906166,9.605715849641507,19809.23905821945,0.4246459475948155,8.766171137226989,12.707388318678644,8.039207690769544,6688.135303674593,5.061964102430214,1,1,6,5,4,4,1,2,2,28,20,23,5,1,0,0,0,0,0,0
singleton,FernflowerChatGPT,0,1.0,0.0,0,1,0,1,0.0,0.0,0.0,1,0,1,0.0,1,0.0,0,0,1,53,4.87396103187576,1.0895925442788983,29.323004585634134,0.1361696169111696,3.037052147772716,13.539759423249963,9.755380299330987,11908.956817063794,6.201772069223689,0,1,0,1,8,0,0,0,0,26,2,0,0,0,0,0,0,0,1,1
singleton,FernflowerJ2K,0,5.0,0.0,0,1,5,1,0.003063600184050184,2.0,27.863137138648348,6,4,1,1.5479520632582415,5,13.931568569324174,0,1,1,147,15.744532468155716,10.962845581651596,54900.530448505335,0.4540155074162762,9.071760773824257,13.618578569390325,8.8368810472019,12577.683082460253,5.371526929001109,1,1,1,9,2,7,2,1,3,25,16,36,5,0,1,1,1,1,0,0
singleton,JDGUIChatGPT,0,1.0,0.0,0,1,0,1,0.0,0.0,0.0,1,0,1,0.0,1,0.0,0,0,1,53,4.87396103187576,1.0895925442788983,29.323004585634134,0.1361696169111696,3.0370521477727164,13.539759423249963,9.755380299330987,11908.956817063794,6.201772069230808,0,1,0,0,8,0,0,0,1,25,2,0,0,0,0,0,0,0,1,0
singleton,JDGUIJ2K,0,3.0,0.0,0,1,4,1,0.002712967490108627,2.0,23.21928094887362,5,4,1,1.289960052715201,5,11.60964047443681,0,0,1,131,13.227501690677066,8.724142353864412,9591.240401588633,0.4037846229495526,8.513776802437851,13.0123696745748,8.50899970195825,8262.540223396434,5.669994894331411,0,1,1,0,2,0,1,1,2,39,13,5,0,0,0,0,0,0,0,0
singleton,Original,0,1.0,0.0,0,1,0,1,0.0,0.0,0.0,1,0,1,0.0,1,0.0,0,0,1,51,3.7024715122197467,0.0,13.01832121853634,0.0,0.7142857142857141,12.966450341100478,9.263968192558618,8003.694253845882,6.109225199445745,0,1,0,0,6,0,0,0,0,26,2,0,0,1,0,0,0,0,1,0
smartCast,BytecodeChatGPT,0,5.0,0.0,0,1,3,1,0.001141821107885979,1.0,6.339850002884624,4,2,1,0.3522138890491458,3,6.339850002884624,0,2,1,53,6.539165379378033,2.32102631706874,93.00042340930227,0.31068851093732514,11.765524562616333,10.577328676255192,6.359178977982553,1527.8939300373645,4.52350355961307,0,1,0,0,9,0,0,0,0,26,2,0,0,0,0,0,0,0,1,0
smartCast,CFRChatGPT,0,8.0,3.0,1,2,3,1,0.001141821107885979,1.0,6.339850002884624,4,2,1,0.3522138890491458,3,6.339850002884624,0,2,3,59,7.229226071237104,2.8653996811462883,150.042362202557,0.22611708985028328,6.465588553361428,10.23699040664603,5.873153380591868,1206.8163287190712,3.477642707736125,0,1,0,0,7,0,0,0,1,26,2,0,0,1,0,0,0,0,1,0
smartCast,CFRJ2K,0,5.0,0.0,0,1,5,1,0.003063600184050184,2.0,27.863137138648348,6,4,1,1.5479520632582415,5,13.931568569324174,0,2,1,81,12.559424360862103,7.9626982752064475,6036.197774589165,0.4347594127781531,11.085256761233069,10.165293860940839,5.56855713960088,1148.307937642365,2.509114856363338,1,1,6,5,4,4,1,2,2,28,20,23,5,1,0,0,0,0,0,0
smartCast,FernflowerChatGPT,0,8.0,3.0,1,2,3,2,0.0015471962778709262,1.0,10.0,5,2,2,0.5555555555555556,4,10.0,0,2,3,62,8.07953069207349,3.6151410078619395,270.50860776391147,0.2892133785378086,9.900438484911765,10.184565431088956,5.720165110993785,1163.7499827722138,3.5980924594342834,0,1,0,1,8,0,0,0,0,26,2,0,0,0,0,0,0,0,1,1
smartCast,FernflowerJ2K,0,5.0,0.0,0,1,5,2,0.0036469818385629123,2.0,36.18947501009619,7,4,2,2.0105263894497885,6,18.094737505048094,0,2,1,86,15.234492176049141,10.399813034877958,38551.30764201452,0.49568009491132264,9.261405732795179,11.944472018038667,7.109782241262905,3941.3441643718043,3.4971638124866233,1,1,1,9,2,7,2,1,3,25,16,36,5,0,1,1,1,1,0,0
smartCast,JDGUIChatGPT,0,5.0,0.0,0,1,3,1,0.001141821107885979,1.0,6.339850002884624,4,2,1,0.3522138890491458,3,6.339850002884624,0,2,1,53,8.723930788318022,4.419701491566121,422.8290792080644,0.34206955668647665,10.636325977341468,10.422437615271834,6.11819768259645,1372.3546245445023,4.300715095792238,0,1,0,0,8,0,0,0,1,25,2,0,0,0,0,0,0,0,1,0
smartCast,JDGUIJ2K,0,5.0,0.0,0,1,6,1,0.004231947544565554,2.5,45.23684376262024,7,5,1,2.5131579868122356,6,18.094737505048094,0,2,1,91,12.292841699539542,7.626031262963173,5017.808507637059,0.4135476586792936,10.521094080032356,9.769981395447704,5.103160323226894,873.0868700375792,2.132993151904899,0,1,1,0,2,0,1,1,2,39,13,5,0,0,0,0,0,0,0,0
smartCast,Original,0,6.0,3.0,1,2,2,1,0.0009425525573729414,1.0,4.754887502163468,3,2,1,0.26416041678685936,3,4.754887502163468,0,1,3,51,4.231401845392172,0.0,18.783602070886253,0.0,0.4918849140169105,9.850359625224264,5.618947143828883,923.1105517668125,2.7672159765426745,0,1,0,0,6,0,0,0,0,26,2,0,0,1,0,0,0,0,1,0
tailRecursion,BytecodeChatGPT,0,6.0,3.0,1,2,5,4,0.005519305767765066,2.6666666666666665,67.3765181293825,9,4,3,3.743139896076806,7,25.26619429851844,0,1,3,100,6.894785810973998,2.2218802156539423,118.99736445643346,0.1955976430278253,4.247215891791394,8.063221918178808,3.3903056872541746,267.46789456486766,0.44824958077055693,0,1,0,0,9,0,0,0,0,26,2,0,0,0,0,0,0,0,1,0
tailRecursion,CFRChatGPT,0,6.0,3.0,1,2,5,4,0.005519305767765066,2.6666666666666665,67.3765181293825,9,4,3,3.743139896076806,7,25.26619429851844,0,1,3,100,5.691177489757836,1.1101014778432285,51.667224816452716,0.15115872526591848,4.288148730762222,8.060982081223147,3.479895433664098,267.0529630318679,0.4433176097048693,0,1,0,0,7,0,0,0,1,26,2,0,0,1,0,0,0,0,1,0
tailRecursion,CFRJ2K,0,19.0,7.0,1,3,16,8,0.023214255858175725,7.0,581.184511931066,24,7,4,32.28802844061478,11,83.02635884729514,0,6,5,245,15.571682888077405,10.53369148055,48701.64518068815,0.49504973609968417,11.876439798951978,9.27120824740392,4.233206204989473,617.8908705981595,2.761724232783686,1,1,6,5,4,4,1,2,2,28,20,23,5,1,0,0,0,0,0,0
tailRecursion,FernflowerChatGPT,0,10.0,0.0,0,2,7,4,0.006309349300660978,2.6666666666666665,82.34907771368972,11,4,3,4.574948761871651,7,30.880904142633646,0,3,3,103,13.928965530413933,9.163242381107425,15596.833401085938,0.4689566325042008,9.307189554867476,11.501838588675078,6.7361048039633085,2900.002821762694,4.092715458874054,0,1,0,1,8,0,0,0,0,26,2,0,0,0,0,0,0,0,1,1
tailRecursion,FernflowerJ2K,0,19.0,7.0,1,3,17,8,0.026702698605393975,8.0,716.9925001442313,25,8,4,39.83291667467952,12,89.62406251802891,0,6,5,253,15.201206585287933,10.053540560158705,37672.04120483541,0.48096276193505366,13.117180661276725,9.7722429917514,4.624566331774993,874.4566110278604,3.8749956863865593,1,1,1,9,2,7,2,1,3,25,16,36,5,0,1,1,1,1,0,0
tailRecursion,JDGUIChatGPT,0,6.0,3.0,1,2,5,4,0.005519305767765066,2.6666666666666665,67.3765181293825,9,4,3,3.743139896076806,7,25.26619429851844,0,1,3,100,7.463256638254501,2.790351042894582,176.46724820938005,0.2362538060688568,4.825778886438906,8.04990411279263,3.3769878818679957,265.01020629362193,0.5556357525465339,0,1,0,0,8,0,0,0,1,25,2,0,0,0,0,0,0,0,1,0
tailRecursion,JDGUIJ2K,0,1.0,0.0,0,1,0,0,0.0,0.0,0.0,0,0,0,0.0,0,0.0,0,0,1,10,15.500101684135897,12.978461046835864,46344.21633312891,0.9084183551548131,11.378405561403905,22.69505008059206,20.173398807607725,6790329.163374358,17.363633247213734,0,1,1,0,2,0,1,1,2,39,13,5,0,0,0,0,0,0,0,0
tailRecursion,Original,0,4.0,3.0,1,2,4,4,0.005102497174224526,2.6666666666666665,59.89023833722889,8,4,3,3.327235463179383,7,22.458839376460833,0,0,3,92,4.494904168509621,0.0,22.54763429853789,0.0,0.8636686322795721,7.604408499837205,3.10949369564328,194.60547645894937,-0.07080230557536764,0,1,0,0,6,0,0,0,0,26,2,0,0,1,0,0,0,0,1,0
