Test,Category,Abrupt Control Flow,Chapin Q,Conditional Complexity,Conditional Statements,Cyclomatic Complexity,Halstead Total Operators,Halstead Total Operands,Halstead Bugs,Halstead Difficulty,Halstead Effort,Halstead Length,Halstead Distinct Operators,Halstead Distinct Operands,Halstead Time,Halstead Vocabulary,Halstead Volume,Labeled Blocks,Local Variables,Pivovarsky N(G),Program Size,CE,KL,PPL,NID,Hcond,CE_1gram,CE_2gram,CE_3gram,CE_4gram,CE_5gram,CE_6gram,CE_7gram,CE_8gram,CE_9gram,CE_10gram,CE_11gram
higherOrderFunction,BytecodeChatGPT,0,5.0,0.0,0,1,4,1,0.002027400665191133,1.5,15.0,5,3,1,0.8333333333333334,4,10.0,0,2,1,63,4.689062709860533,0.3985282617154288,25.795771852426505,0.6905635297153035,1.36782417415506,4.689062709860533,6.068899002460527,6.3160674455195185,6.516958311863884,6.6915880166555475,6.856149530246598,6.912895077447041,6.957465353974331,6.996270375344964,7.02658994668788,7.059405397445346
higherOrderFunction,FernflowerJ2K,0,3.0,0.0,0,1,5,1,0.0038186432128421402,2.5,38.77443751081734,6,5,1,2.1541354172676304,6,15.509775004326936,0,1,1,107,5.113984497916865,0.35396721911049644,34.6308165069008,0.39439818749237543,1.504290977800204,5.113984497916865,6.633030387087093,7.150490687582337,7.445178272815892,7.672588275995904,7.855458699479111,7.9971526130446575,8.103709519405074,8.190943674609445,8.281592609585973,8.364604496805436
higherOrderFunction,FernflowerChatGPT,0,5.0,0.0,0,1,4,1,0.002027400665191133,1.5,15.0,5,3,1,0.8333333333333334,4,10.0,0,2,1,66,4.966465445769864,0.4945373495670179,31.264758011853456,0.6626370646844039,1.4503486760231352,4.966465445769864,6.434751832154319,6.841532535659901,7.219621548748314,7.57453904001196,7.930552779372092,8.078075388926203,8.204437326417695,8.258125441936134,8.315493442304074,8.376910116930185
higherOrderFunction,CFRJ2K,0,3.0,0.0,0,1,5,2,0.006717797984117599,5.0,90.47368752524048,7,5,1,5.026315973624471,6,18.094737505048094,0,1,1,74,5.085585551609947,0.5491966679160545,33.95578667954009,0.870630416388495,1.3674476351108462,5.085585551609947,6.473808254633779,6.9770046937202705,7.371829626186154,7.579817855336009,7.793856405936699,7.911534990076711,7.974202250329011,8.040640530932878,8.111183267667483,8.168478180925762
higherOrderFunction,CFRChatGPT,0,5.0,0.0,0,1,4,1,0.002027400665191133,1.5,15.0,5,3,1,0.8333333333333334,4,10.0,0,2,1,63,4.662035682834506,0.37150123468940177,25.3170198075895,0.6788721801571468,1.3678241741550599,4.662035682834506,6.041121224683749,6.28749601694909,6.487546547159002,6.661284986353517,6.824899530247598,6.912895077447041,6.957465353974331,6.996270375344964,7.02658994668788,7.059405397445346
higherOrderFunction,JDGUIJ2K,0,8.0,0.0,0,1,16,2,0.009905781746683879,3.0,162.0,18,6,2,9.0,8,54.0,0,2,1,235,5.461931463225779,0.3937416583932162,44.07630754229184,0.2809572779171208,1.891921412839328,5.461931463225779,7.362622771485804,7.851778469559956,8.087641036209675,8.237926329466728,8.344969855263317,8.421773069728049,8.484536252553605,8.523977812543231,8.54508239913502,8.553486169252318
higherOrderFunction,JDGUIChatGPT,0,5.0,0.0,0,1,4,1,0.002027400665191133,1.5,15.0,5,3,1,0.8333333333333334,4,10.0,0,2,1,63,4.662035682834506,0.37150123468940177,25.3170198075895,0.6788721801571468,1.3678241741550599,4.662035682834506,6.041121224683749,6.28749601694909,6.487546547159002,6.661284986353517,6.824899530247598,6.912895077447041,6.957465353974331,6.996270375344964,7.02658994668788,7.059405397445346
result,BytecodeChatGPT,0,16.0,3.0,3,4,8,3,0.006317055768674653,2.5,82.5,11,5,3,4.583333333333333,8,33.0,0,3,8,198,4.905872376070041,0.12452977669524545,29.978834189970392,0.1473330783642419,1.5781310014593601,4.905872376070041,6.490710956157958,7.096956238113737,7.350263786089357,7.485909414256271,7.61165723845648,7.694150859975546,7.775169021452615,7.857824619708938,7.924968749234047,7.993505860912153
result,FernflowerChatGPT,0,16.0,3.0,3,4,8,3,0.006317055768674653,2.5,82.5,11,5,3,4.583333333333333,8,33.0,0,3,7,194,4.916144435831618,0.09899536617995858,30.19304666294932,0.12513225943690534,1.5905008557473714,4.916144435831618,6.5137168718432275,7.340285873080659,7.847664513171144,7.941520549829205,8.03061783640697,8.10994532712042,8.177690035095099,8.246853915974274,8.303991493766423,8.36235909000119
result,FernflowerJ2K,0,1.0,0.0,0,1,0,0,0.0,0.0,0.0,0,0,0,0.0,0,0.0,0,0,1,11,6.028663671462713,3.2786636695492826,65.28427700909305,4.1308300423657505,1.46929208167541,6.028663671462713,7.064017354847782,7.675047095377953,7.960455506182735,8.389932988994117,9.03342300331484,9.030667138156767,9.027905998602133,2.15527509734851e-09,2.2504247486128053e-09,2.3455174763097747e-09
result,CFRChatGPT,0,13.0,3.0,2,3,7,3,0.0048876146417121315,2.0,56.14709844115208,10,4,3,3.1192832467306713,7,28.07354922057604,0,3,5,191,4.817056175827043,0.09836441433030466,28.188917574040005,0.17851364608805692,1.499260051667085,4.817056175827043,6.32280072181127,6.806185862958963,7.010358671906144,7.122053107331843,7.234592337030349,7.288422881287382,7.329656950357061,7.371811939731552,7.40707732958596,7.443155387009147
result,CFRJ2K,0,1.0,0.0,0,1,0,0,0.0,0.0,0.0,0,0,0,0.0,0,0.0,0,0,1,11,6.028663671462713,3.2786636695492826,65.28427700909305,4.1308300423657505,1.46929208167541,6.028663671462713,7.064017354847782,7.508380428712287,7.760455506183735,8.139932988995117,8.700089669982507,9.030667138156767,9.027905998602133,2.15527509734851e-09,2.2504247486128053e-09,2.3455174763097747e-09
result,JDGUIChatGPT,0,13.0,3.0,2,3,7,3,0.0048876146417121315,2.0,56.14709844115208,10,4,3,3.1192832467306713,7,28.07354922057604,0,3,5,189,4.875308603003461,0.10948331754393287,29.350406977475995,0.1677784738847651,1.4951910565751156,4.875308603003461,6.377555256120021,6.881284501565923,7.106208296897317,7.239072930553415,7.357041316610185,7.432752778180599,7.496323617007728,7.561285623924078,7.619843287012769,7.679714526772094
result,JDGUIJ2K,0,1.0,0.0,0,1,0,0,0.0,0.0,0.0,0,0,0,0.0,0,0.0,0,0,1,11,6.028663671462713,3.2786636695492826,65.28427700909305,4.1308300423657505,1.4692920816754103,6.028663671462713,7.064017354847782,7.508380428712287,7.760455506183735,8.139932988995117,8.700089669982507,9.030667138156767,9.027905998602133,2.15527509734851e-09,2.2504247486128053e-09,2.3455174763097747e-09
simpleException,BytecodeChatGPT,0,3.0,0.0,0,1,2,3,0.00170906242423416,1.0,11.60964047443681,5,2,3,0.6449800263576005,5,11.60964047443681,0,1,1,52,4.696046597811931,0.28860853844478723,25.920948367095843,0.4575428844974834,0.7937625127525232,4.696046597811931,5.525957923275297,5.839256541600277,6.081021740246865,6.292137869995843,6.5063286814928185,6.619297365259661,6.741286146919642,6.865673218014633,6.917453572145558,6.974115038913483
simpleException,FernflowerJ2K,0,5.0,0.0,0,1,6,3,0.005526047247960579,2.5,67.5,9,5,3,3.75,8,27.0,0,2,1,98,5.197682240142489,0.34401580080051797,36.69934069558742,0.27222187353313687,1.1118846946370933,5.197682240142489,6.337375578181728,6.933466089722647,7.3297046259990255,7.5450325927596396,7.7110294463441145,7.853974517886215,7.9725636862303055,8.03818025945089,8.078786634583667,8.121183706586079
simpleException,FernflowerChatGPT,0,3.0,0.0,0,1,2,3,0.00170906242423416,1.0,11.60964047443681,5,2,3,0.6449800263576005,5,11.60964047443681,0,1,1,52,4.6480174311249955,0.24057937175785232,25.072212911428068,0.42940175116649126,0.7937625127525231,4.6480174311249955,5.476427845129345,5.788128718997954,6.028189656891079,6.2374839906622155,6.449722877897219,6.619297365259661,6.741286146919642,6.865673218014633,6.917453572145558,6.974115038913483
simpleException,CFRJ2K,0,3.0,0.0,0,1,6,3,0.006473720020679235,3.0,85.58797503894243,9,6,3,4.754887502163468,9,28.52932501298081,0,1,1,94,5.063360428069945,0.27731710200082377,33.43669684822714,0.22076810673908992,0.9274401312088306,5.063360428069945,6.018509811378815,6.471980621420281,6.817914303726196,6.9670874674563,7.115513357928602,7.226642341527687,7.322067715188534,7.41762868033109,7.508602944131559,7.603714758591373
simpleException,CFRChatGPT,0,3.0,0.0,0,1,2,3,0.00170906242423416,1.0,11.60964047443681,5,2,3,0.6449800263576005,5,11.60964047443681,0,1,1,52,4.6657435675099,0.25830550814275693,25.38217101553775,0.4427925721428443,0.7937625127525232,4.6657435675099,5.494707923276297,5.806998477085148,6.047688406914532,6.2576551113761525,6.470614395779533,6.619297365259661,6.741286146919642,6.865673218014633,6.917453572145558,6.974115038913483
simpleException,JDGUIJ2K,0,3.0,0.0,0,1,2,3,0.00170906242423416,1.0,11.60964047443681,5,2,3,0.6449800263576005,5,11.60964047443681,0,1,1,58,4.700780979839757,0.2348350459629211,26.006150886641606,0.36573320457622527,0.833926172392258,4.700780979839757,5.567887756281674,5.94491472585824,6.160823112891443,6.348228734583883,6.536841078155246,6.686768028261061,6.794142342350382,6.902574321809796,7.004236113936025,7.113748711882169
simpleException,JDGUIChatGPT,0,3.0,0.0,0,1,2,3,0.00170906242423416,1.0,11.60964047443681,5,2,3,0.6449800263576005,5,11.60964047443681,0,1,1,52,4.6480174311249955,0.24057937175785232,25.072212911428068,0.42940175116649126,0.7937625127525232,4.6480174311249955,5.476427845129345,5.788128718997954,6.028189656891079,6.2374839906622155,6.449722877897219,6.619297365259661,6.741286146919642,6.865673218014633,6.917453572145558,6.974115038913483
extension,BytecodeChatGPT,0,3.0,0.0,0,1,1,1,0.0003333333333333333,0.5,1.0,2,1,1,0.05555555555555555,2,2.0,0,1,1,63,4.7073446418789135,0.47086424810676875,26.124737605928736,0.6897326251484175,1.3684214402199104,4.7073446418789135,6.088162190734035,6.6908478640540086,7.011091930281161,7.29317886873052,7.524602496025761,7.616115341692384,7.677535457823638,7.72327309617689,7.772540537369498,7.825731055541109
extension,FernflowerJ2K,0,4.0,0.0,0,1,4,2,0.003290806962640765,2.0,31.019550008653873,6,4,2,1.723308333814104,6,15.509775004326936,0,1,1,131,5.184435076776969,0.21425313222198755,36.36390116294334,0.1638573911781791,1.484739152604517,5.184435076776969,6.680996196619035,7.215228644029592,7.473811929579635,7.619574993294798,7.725690369459871,7.809746573902213,7.8845764042997795,7.939000714606976,7.9721326936842365,8.006341639840365
extension,FernflowerChatGPT,0,5.0,0.0,0,1,2,1,0.0004367902323681494,0.5,1.5,3,1,1,0.08333333333333333,2,3.0,0,2,1,69,4.915283177863583,0.5821214160716338,30.175027441346842,0.6756821563380663,1.4315792962049436,4.915283177863583,6.362842221758437,6.910371219790217,7.202285288021167,7.458634903294495,7.612963953073625,7.724679764291741,7.78161863051002,7.8245031105580125,7.870296576862004,7.919281472515742
extension,CFRJ2K,0,2.0,0.0,0,1,5,2,0.0036469818385629123,2.0,36.18947501009619,7,4,2,2.0105263894497885,6,18.094737505048094,0,0,1,132,5.166197679922632,0.2576862222171681,35.90711107827381,0.2295422573336901,1.4628014691743716,5.166197679922632,6.640786072979915,7.177363269015447,7.417561786506228,7.564602857906301,7.685370106567352,7.784180360467308,7.870296488362848,7.959009120408248,8.007684808990282,8.057917682424227
extension,CFRChatGPT,0,1.0,0.0,0,1,0,1,0.0,0.0,0.0,1,0,1,0.0,1,0.0,0,0,1,57,4.388390703244873,0.37429961295369313,20.94292002916656,0.7732674932455674,1.266443945419661,4.388390703244873,5.6592819771297425,6.181485620045412,6.469456804054742,6.717642938653849,6.8697937943233764,6.9511751200267895,7.0029025358273485,7.059062976936506,7.089504880277581,7.122916906294476
extension,JDGUIJ2K,0,2.0,0.0,0,1,0,2,0.0,0.0,0.0,2,0,2,0.0,2,2.0,0,0,1,91,4.872399233030189,0.27274349070264736,29.29127795343926,0.3789112588436354,1.5289718504045458,4.872399233030189,6.412744516855693,6.889805444510584,7.157618038007115,7.325407264511778,7.456196485482386,7.555584014997536,7.636487933967167,7.720986672165965,7.746122005399034,7.7725345648065876
extension,JDGUIChatGPT,0,1.0,0.0,0,1,0,1,0.0,0.0,0.0,1,0,1,0.0,1,0.0,0,0,1,57,4.388390703244873,0.37429961295369313,20.94292002916656,0.7732674932455674,1.2664439454196608,4.388390703244873,5.6592819771297425,6.181485620045412,6.469456804054742,6.717642938653849,6.8697937943233764,6.9511751200267895,7.0029025358273485,7.059062976936506,7.089504880277581,7.122916906294476
scopeFunctions,BytecodeChatGPT,0,7.0,0.0,0,1,7,6,0.0038334383504100753,1.0,39.0,13,2,6,2.1666666666666665,8,39.0,0,3,1,218,5.665830145114995,0.6218572208078093,50.767388542577386,0.7986289538380469,2.4480585533089614,5.665830145114995,8.123344426983419,9.041199360797458,9.615540436825729,9.897577429661053,10.070927431970766,10.177709047302253,10.268261013639084,10.351956735676154,10.435699398145164,10.491392882069912
scopeFunctions,FernflowerChatGPT,0,3.0,0.0,0,1,5,6,0.0034294254927005915,1.0,33.0,11,2,6,1.8333333333333333,8,33.0,0,1,1,208,5.395888866008517,0.774161540825127,42.104101303909026,0.9563405323216331,2.167166518164346,5.395888866008517,7.570518842207273,8.486309301719135,9.043763571394866,9.423720110461161,9.706700929782908,9.922100436242198,10.087265830755374,10.179470731851637,10.252838382281551,10.312388255089667
scopeFunctions,CFRChatGPT,0,9.0,0.0,0,1,8,6,0.004027587078653516,1.0,42.0,14,2,6,2.3333333333333335,8,42.0,0,4,1,259,5.578133251922306,0.5758394111089542,47.77332055821936,0.7731292915142977,2.442360118288201,5.578133251922306,8.027992701494949,8.97265837110732,9.502635746254986,9.767992887815112,9.937314129189273,10.060619095585274,10.152341522828372,10.238243680690394,10.30847243432355,10.359309662532981
scopeFunctions,JDGUIChatGPT,0,9.0,0.0,0,1,8,6,0.004027587078653516,1.0,42.0,14,2,6,2.3333333333333335,8,42.0,0,4,1,222,5.472122126773543,0.6373157070064415,44.38874844189707,0.841800276627611,2.2078849768384416,5.472122126773543,7.687196599568577,8.624864101077671,9.283125508521524,9.675710383858364,9.957767680483565,10.133643197175346,10.244509281719402,10.33006913487274,10.407009823412709,10.445091693427566
simpleMethod,BytecodeChatGPT,0,1.0,0.0,0,1,0,1,0.0,0.0,0.0,1,0,1,0.0,1,0.0,0,0,1,27,4.13915807485336,0.5141580738567816,17.6201960935162,0.9438717387595057,0.8098136617259114,4.13915807485336,4.956447621563783,5.3906740752937,5.759039482292151,6.1459933972647685,6.591936982294394,6.744675658400274,6.932761700432725,7.141661935282406,7.412079357414353,7.774787060800945
simpleMethod,FernflowerChatGPT,0,3.0,0.0,0,1,1,1,0.0003333333333333333,0.5,1.0,2,1,1,0.05555555555555555,2,2.0,0,1,1,33,4.541422842410918,0.6194947466465665,23.286515029907946,0.7678255712664938,1.0283959130936506,4.541422842410918,5.595563384288812,6.211409908220054,6.574290527376567,6.9504198674473665,7.2626932560659325,7.372328472215186,7.4098004826904615,7.45456922709704,7.5086324419022485,7.574787060771846
simpleMethod,FernflowerJ2K,0,3.0,0.0,0,1,4,1,0.002712967490108627,2.0,23.21928094887362,5,4,1,1.289960052715201,5,11.60964047443681,0,1,1,73,4.948677540533018,0.36577702976927523,30.881641610976104,0.2908660414418096,0.8662631162878621,4.948677540533018,5.837565828088533,6.373322403802301,6.696804190145262,6.876123020116327,7.04617564625926,7.174685711396194,7.2503891310100155,7.330759703120394,7.369595008579197,7.411150696966662
simpleMethod,CFRChatGPT,0,1.0,0.0,0,1,0,1,0.0,0.0,0.0,1,0,1,0.0,1,0.0,0,0,1,27,4.040097918559873,0.4150979175632943,16.450937746220497,0.8932291656655996,0.8098136617259113,4.040097918559873,4.850783454850625,5.277462468100916,5.6371192899305695,6.013913188872924,6.447849482230419,6.744675658400274,6.932761700432725,7.141661935282406,7.412079357414353,7.774787060800945
simpleMethod,CFRJ2K,0,1.0,0.0,0,1,4,1,0.002712967490108627,2.0,23.21928094887362,5,4,1,1.289960052715201,5,11.60964047443681,0,0,1,70,4.990384322039612,0.5250727893361516,31.78742663402838,0.5890064982913883,0.820275216957876,4.990384322039612,5.836580187626385,6.393861861890517,6.728833672306198,6.908269635183869,7.094367498489396,7.242744608775929,7.352447306531629,7.412902560282616,7.458779069319604,7.508120393955684
simpleMethod,JDGUIChatGPT,0,1.0,0.0,0,1,0,1,0.0,0.0,0.0,1,0,1,0.0,1,0.0,0,0,1,27,4.040097918559873,0.4150979175632943,16.450937746220497,0.8932291656655996,0.7431469950602448,4.040097918559873,4.784116788184958,5.134605325245774,5.406350059164339,5.6805798555435905,5.993304027689964,6.144675658406274,6.26609503377206,6.391661935288406,6.5549365002774955,6.774787060806944
simpleMethod,JDGUIJ2K,0,1.0,0.0,0,1,0,1,0.0,0.0,0.0,1,0,1,0.0,1,0.0,0,0,1,34,4.421613306915875,0.5054863594506023,21.43079266170438,0.7655552257985117,0.8345762721168537,4.421613306915875,5.279317594587734,5.614598262568396,5.979364337859347,6.263586866083273,6.575514463509779,6.81875540574332,6.984426581384061,7.236369868007117,7.482612839562229,7.774787060762071
destructuring,BytecodeChatGPT,0,5.0,0.0,0,1,2,2,0.000719302224519915,0.5,3.169925001442312,4,1,2,0.1761069445245729,3,6.339850002884624,0,2,1,81,5.153425599693456,0.6992482763551816,35.590630842998294,0.9572380937103627,1.8093435879519124,5.153425599693456,6.9738341218666795,7.511917872069253,7.749544176549644,7.937613024222709,8.101396430732306,8.181770555975154,8.257657061538248,8.33095236764849,8.37564027505071,8.422623509192944
destructuring,FernflowerChatGPT,0,5.0,0.0,0,1,2,2,0.000719302224519915,0.5,3.169925001442312,4,1,2,0.1761069445245729,3,6.339850002884624,0,2,1,86,5.582910941021127,0.8830774696679349,47.93179093381203,0.9419377445397783,1.7799493968692446,5.582910941021127,7.380740146282158,7.876234198902524,8.109148567049452,8.316787010366452,8.50335123469016,8.648293223574491,8.75888521817785,8.84051225939587,8.925741102656803,9.014811937203806
destructuring,CFRChatGPT,0,5.0,0.0,0,1,2,2,0.000719302224519915,0.5,3.169925001442312,4,1,2,0.1761069445245729,3,6.339850002884624,0,2,1,81,5.121726349680618,0.6675490263423435,34.81715339127019,0.9481472784175053,1.8093435879519124,5.121726349680618,6.941487948384159,7.47889781997248,7.715821570152905,7.903157317686878,8.066175041828975,8.181770555975154,8.257657061538248,8.33095236764849,8.37564027505071,8.422623509192944
destructuring,JDGUIChatGPT,0,5.0,0.0,0,1,2,2,0.000719302224519915,0.5,3.169925001442312,4,1,2,0.1761069445245729,3,6.339850002884624,0,2,1,81,5.121726349680618,0.6675490263423435,34.81715339127019,0.9481472784175053,1.8093435879519124,5.121726349680618,6.941487948384159,7.47889781997248,7.715821570152905,7.903157317686878,8.066175041828975,8.181770555975154,8.257657061538248,8.33095236764849,8.37564027505071,8.422623509192944
recursion,BytecodeChatGPT,0,6.0,3.0,1,2,4,4,0.0063282199037776946,4.0,82.718800023077,8,4,2,4.5954888901709445,6,20.67970000576925,0,1,3,86,4.718554808029619,0.27219466143436505,26.328525245213,0.4169407131547056,1.5461208865840546,4.718554808029619,6.270241192349264,6.984202747023104,7.349297345274921,7.654613487797324,7.958586137097053,8.193150692124782,8.421495727754081,8.54648006685917,8.60612337401989,8.664117096219803
recursion,FernflowerJ2K,0,6.0,3.0,1,2,7,4,0.013018827926730956,7.0,244.08422511105806,11,7,2,13.560234728392114,9,34.86917501586544,0,1,3,126,5.053886314576026,0.21976318506152195,33.217838964245225,0.18793988124859717,1.237428207813195,5.053886314576026,6.300475593006544,6.844526231824667,7.101277990635413,7.255309918450536,7.408724731307475,7.537918767367322,7.650639382944418,7.719349102581866,7.778394266421122,7.831331614760971
recursion,FernflowerChatGPT,0,8.0,3.0,1,2,6,6,0.009100244885764636,3.75,142.64662506490404,12,5,4,7.92481250360578,9,38.039100017307746,0,2,3,123,5.180820028764048,0.4210852341586491,36.27289600785481,0.33289818588970493,1.6960173100330946,5.180820028764048,6.888782251108956,7.619404169118676,7.980328371456661,8.196499146383186,8.412407673833016,8.586748235750195,8.704783193636743,8.790813488484753,8.869024417897258,8.909893086185678
recursion,CFRJ2K,0,6.0,3.0,1,2,7,4,0.013018827926730956,7.0,244.08422511105806,11,7,2,13.560234728392114,9,34.86917501586544,0,1,3,124,4.829021140560865,0.14915464563552427,28.423673970784854,0.20427365852864382,1.2668142391450772,4.829021140560865,6.1021702463455085,6.670550105450209,6.917815400861897,7.059060858329175,7.199289275396692,7.314163550075732,7.411617110468624,7.4788325314085355,7.5360293435251124,7.586861889905183
recursion,CFRChatGPT,0,6.0,3.0,1,2,4,4,0.0063282199037776946,4.0,82.718800023077,8,4,2,4.5954888901709445,6,20.67970000576925,0,1,3,86,4.55725555993414,0.21893021730543383,23.543478071287794,0.41212259670014045,1.2706185055918544,4.55725555993414,5.830213578305187,6.441005446206235,6.673189657618876,6.839939652159762,7.006319975193145,7.136679380088745,7.242010435669928,7.302705291221781,7.3480648225267124,7.383226094563896
recursion,JDGUIJ2K,0,6.0,5.0,1,2,7,4,0.013018827926730956,7.0,244.08422511105806,11,7,2,13.560234728392114,9,34.86917501586544,0,1,3,130,4.822831390161136,0.15665386833755918,28.301986043608373,0.18016810251349677,1.400112898640905,4.822831390161136,6.2287018978701525,6.915788341943772,7.317174049057404,7.544577299593726,7.772617956584431,7.9423338157093015,8.11086733451772,8.251662396745836,8.32211631717825,8.391870737555317
recursion,JDGUIChatGPT,0,6.0,3.0,1,2,5,4,0.006845154327775627,4.0,93.05865002596161,9,4,2,5.169925001442312,6,23.264662506490403,0,1,3,82,4.6891252404263115,0.30970774251821476,25.796889939839282,0.4498540571033797,1.3967815995645856,4.6891252404263115,6.089934492589503,6.718198704003136,7.0614707065885165,7.334589445070976,7.610818435269873,7.848343561014355,8.024210269130792,8.170137313994468,8.306551922184475,8.37318620002752
safeCast,BytecodeChatGPT,0,5.0,0.0,0,1,3,1,0.001141821107885979,1.0,6.339850002884624,4,2,1,0.3522138890491458,3,6.339850002884624,0,2,1,50,4.603087670399786,0.29619707407373097,24.303423874540567,0.48109390079195435,0.9051245394387337,4.603087670399786,5.507491502387694,5.707991878201203,5.9020318829935405,6.086602832988369,6.283790185886369,6.352587040859344,6.427789299535918,6.48688304885411,6.552073003052908,6.608179780029781
safeCast,FernflowerJ2K,0,8.0,3.0,1,2,6,1,0.004231947544565554,2.5,45.23684376262024,7,5,1,2.5131579868122356,6,18.094737505048094,0,2,3,95,5.132977755913852,0.2516461794410173,35.08974980194512,0.1572312255284151,1.047753302522988,5.132977755913852,6.19154162992086,6.554756601840395,6.835852444953443,7.016922338129112,7.197723070583063,7.303002423532427,7.380978653050119,7.47033375927981,7.563606640279763,7.639771799666963
safeCast,FernflowerChatGPT,0,5.0,0.0,0,1,3,1,0.001141821107885979,1.0,6.339850002884624,4,2,1,0.3522138890491458,3,6.339850002884624,0,2,1,50,4.569754337067453,0.2628637407413977,23.748332906106626,0.4641444094999989,0.9051245394387337,4.569754337067453,5.473008743768005,5.672277592487918,5.864994845957503,6.04814129452783,6.243790185887369,6.352587040859344,6.427789299535918,6.48688304885411,6.552073003052908,6.608179780029781
safeCast,CFRJ2K,0,5.0,0.0,0,1,5,1,0.003063600184050184,2.0,27.863137138648348,6,4,1,1.5479520632582415,5,13.931568569324174,0,2,1,81,4.974681823518348,0.319341109878045,31.44332377962063,0.3432003300187955,1.036652682758018,4.974681823518348,6.022137335528918,6.503576910916035,6.889611717857496,7.157243681363655,7.417110819497323,7.6112882033607985,7.750786056259654,7.801860968820881,7.855874676623322,7.913066801961586
safeCast,CFRChatGPT,0,5.0,0.0,0,1,3,1,0.001141821107885979,1.0,6.339850002884624,4,2,1,0.3522138890491458,3,6.339850002884624,0,2,1,46,4.575897476946839,0.2685425541716988,23.849671285889116,0.4650188648107554,0.8976709631402005,4.575897476946839,5.472156443994634,5.764028629614732,6.056234750813773,6.34636469861167,6.64539183114801,6.859070924262799,7.045946423840497,7.242368093337846,7.459985153696368,7.573337059062378
safeCast,JDGUIJ2K,0,8.0,5.0,1,2,3,1,0.001141821107885979,1.0,6.339850002884624,4,2,1,0.3522138890491458,3,6.339850002884624,0,2,3,64,4.781712223145029,0.27865631529353313,27.50672019983759,0.34599940167976073,1.3205150813393023,4.781712223145029,6.107954668059669,6.349124849096745,6.630611196523105,6.866085310850185,7.104276908834423,7.232571251744951,7.320901288269145,7.427311912525737,7.540899073389937,7.629048776011914
safeCast,JDGUIChatGPT,0,5.0,0.0,0,1,3,1,0.001141821107885979,1.0,6.339850002884624,4,2,1,0.3522138890491458,3,6.339850002884624,0,2,1,50,4.569754337067453,0.2628637407413977,23.748332906106626,0.4641444094999989,0.9051245394387337,4.569754337067453,5.473008743768005,5.672277592487918,5.864994845957503,6.04814129452783,6.243790185887369,6.352587040859344,6.427789299535918,6.48688304885411,6.552073003052908,6.608179780029781
classDelegation,BytecodeChatGPT,0,5.0,0.0,0,1,2,1,0.0004367902323681494,0.5,1.5,3,1,1,0.08333333333333333,2,3.0,0,2,1,132,4.8285873035169935,0.33491390082771494,28.415127889703385,0.5093955088048538,1.4854760056681362,4.8285873035169935,6.321559190512803,6.949784860906817,7.329997158888811,7.57722900650755,7.757841843823996,7.862914170440356,7.958402376298452,8.047807035619286,8.13129084381065,8.21336507623105
classDelegation,FernflowerChatGPT,0,5.0,0.0,0,1,3,1,0.0005291336839893998,0.5,2.0,4,1,1,0.1111111111111111,2,4.0,0,2,1,140,4.819054959052949,0.31299856128921416,28.22799900333681,0.488717969126063,1.5877304286568918,4.819054959052949,6.41349274168421,7.124911041439659,7.517210153850263,7.742382909759234,7.902138619878034,8.035478117682315,8.134087212299606,8.227190230446105,8.29812709389934,8.35929869752532
classDelegation,CFRChatGPT,0,5.0,0.0,0,1,5,1,0.003063600184050184,2.0,27.863137138648348,6,4,1,1.5479520632582415,5,13.931568569324174,0,2,1,150,5.050642745966776,0.2628328907423415,33.14324016949443,0.36613947640799493,1.4792583112965925,5.050642745966776,6.539293866058789,7.059268966307309,7.437428449900749,7.6753208672737685,7.846999019898714,8.018879746659268,8.136777306230591,8.249945640458208,8.358579080753062,8.458953146948542
classDelegation,JDGUIChatGPT,0,5.0,0.0,0,1,2,1,0.0004367902323681494,0.5,1.5,3,1,1,0.08333333333333333,2,3.0,0,2,1,125,4.733746152673516,0.2984174831239804,26.607225100155542,0.5170955031985212,1.5046771288469083,4.733746152673516,6.2449792744318575,6.783987744563094,7.129315295395248,7.349455446810016,7.499240774382103,7.618764048815877,7.702387885278176,7.7792824176263995,7.8469326197564495,7.903318432117752
reified,BytecodeChatGPT,0,3.0,0.0,0,1,6,0,0.0,0.0,0.0,6,4,0,0.0,4,12.0,0,1,1,81,5.137387963064942,0.5703477443843854,35.197180573103225,0.9005572149184902,1.4507848744904632,5.137387963064942,6.593895630697394,7.0550110908688755,7.969158782142139,8.820188714006612,8.95972373314671,9.109590216590869,9.223772795053442,9.33317271291063,9.441510728624285,9.55600522312948
reified,FernflowerChatGPT,0,1.0,0.0,0,1,5,0,0.0,0.0,0.0,5,3,0,0.0,3,7.92481250360578,0,0,1,75,5.049970762397459,0.6576533377451314,33.12780618926741,1.1372830841558637,1.5122934936749897,5.049970762397459,6.566659096489273,7.105194146286804,8.108361751058613,9.094613216154686,9.272734126362533,9.455536151753376,9.535800529548183,9.620931907600013,9.70340239531141,9.791182768091174
reified,FernflowerJ2K,0,13.0,0.0,0,1,15,5,0.015027518834177791,4.375,302.7002666307635,20,7,4,16.81668147948686,11,69.18863237274594,0,2,1,232,5.650502647294216,0.33109181420994416,50.23088008535692,0.33294193215227624,1.7059631161231847,5.650502647294216,7.361534309673011,7.899917749949633,8.451855202871146,8.859691044265785,9.003346080387264,9.132490914818817,9.235677054850683,9.31724221586155,9.379922226450882,9.443625107139388
reified,CFRChatGPT,0,3.0,0.0,0,1,7,1,0.004625956812489424,2.5,51.69925001442312,8,5,1,2.87218055635684,6,20.67970000576925,0,1,1,80,5.269492649948019,0.631906507441314,38.57228345296432,0.9284778407202946,1.3991864723841776,5.269492649948019,6.677337575186161,7.199098590928096,8.130200933381861,8.985065202180778,9.10837586741008,9.241206779247864,9.333123115728418,9.419084884130797,9.502717823392032,9.591134737197393
reified,CFRJ2K,0,13.0,0.0,0,1,17,5,0.014063978573548502,3.75,274.0590678282074,22,6,4,15.225503768233743,10,73.08241808752197,0,5,1,236,5.6171645590435055,0.3207099345876446,49.08344342632642,0.27365222730550987,1.6485459332078913,5.6171645590435055,7.270480303996001,7.77069514766493,8.279272497762298,8.69895142265859,8.870373884489306,9.015104089156685,9.140784926551257,9.222280214699287,9.272749099586244,9.324042029127588
reified,JDGUIChatGPT,0,3.0,0.0,0,1,7,1,0.004625956812489424,2.5,51.69925001442312,8,5,1,2.87218055635684,6,20.67970000576925,0,1,1,80,5.269492649948019,0.631906507441314,38.57228345296432,0.9284778407202946,1.3991864723841767,5.269492649948019,6.677337575186161,7.199098590928096,8.130200933381861,8.985065202180778,9.10837586741008,9.241206779247864,9.333123115728418,9.419084884130797,9.502717823392032,9.591134737197393
reified,JDGUIJ2K,0,7.0,0.0,0,1,5,3,0.003290806962640765,1.5,31.019550008653873,8,3,3,1.723308333814104,6,20.67970000576925,0,2,1,117,5.436954307815616,0.640808825488463,43.31978890920911,0.86405731106859,1.6698326050006622,5.436954307815616,7.113845373484558,7.621932047734005,8.428499365563841,9.163335239653971,9.375737681380535,9.584317456962385,9.747585320287957,9.836747697594907,9.887171259729016,9.939327460284568
simpleLambda,BytecodeChatGPT,0,5.0,0.0,0,1,4,5,0.0039311120913133445,1.5,40.5,9,3,5,2.25,8,27.0,0,2,1,78,5.435577469080569,0.8108254817023887,43.278466308194375,1.0089855481083294,1.690071097014967,5.435577469080569,7.0360822144563535,7.427980405578049,7.768183263246268,7.967705041093644,8.173868202225048,8.297277374548257,8.339871378084592,8.384879717288298,8.432503839761205,8.48296821674067
simpleLambda,FernflowerChatGPT,0,3.0,0.0,0,1,3,5,0.0036342411856642785,1.5,36.0,8,3,5,2.0,8,24.0,0,1,1,71,5.208403799200696,0.71196445209803,36.97309214058409,1.016221086395395,1.5180840025026805,5.208403799200696,6.732507750690793,7.150416830738629,7.475323348299932,7.63021793550486,7.790152995581683,7.899062066866743,7.9363652190898755,7.976129760554386,8.018594185490226,8.06402878858851
simpleLambda,FernflowerJ2K,0,23.0,0.0,0,2,23,6,0.015330206039383091,3.0,311.89173756274056,29,6,6,17.327318753485585,12,103.96391252091352,0,9,3,250,5.664594213835285,0.29726535880728666,50.7239156442044,0.2656996387850857,1.911106882825694,5.664594213835285,7.579936615662599,8.108466058605561,8.422601866010945,8.579493126005216,8.706586956593656,8.822963660943287,8.89492173706863,8.96796618774884,9.03038075227548,9.08629290123544
simpleLambda,CFRChatGPT,0,5.0,0.0,0,1,3,5,0.0026534054573181228,1.0,22.458839376460833,8,2,5,1.2477132986922685,7,22.458839376460833,0,2,1,73,5.341772757860954,0.8128996780431718,40.554012448334944,1.1059118522565559,1.5879724974235214,5.341772757860954,6.938621486434087,7.438009383841188,7.7584592530675724,7.938856646256092,8.125400415723197,8.293008839118217,8.339314322459847,8.38846577116907,8.44072218617954,8.496374944694246
simpleLambda,CFRJ2K,0,19.0,0.0,0,2,26,6,0.01852932716539323,3.5,414.44924843180235,32,7,6,23.02495824621124,13,118.41407098051495,0,7,3,227,5.7309053131174865,0.332230976572896,53.109767665984876,0.3055499143579104,1.7249866735127928,5.7309053131174865,7.4611587179026735,7.969048721408368,8.30567933950783,8.485470832010785,8.622934699550798,8.74891676452601,8.826755124569765,8.905869821672287,8.98157436224132,9.058541432053426
simpleLambda,JDGUIChatGPT,0,9.0,0.0,0,1,5,5,0.003079004285433752,1.0,28.07354922057604,10,2,5,1.5596416233653356,7,28.07354922057604,0,4,1,94,5.2387548664182395,0.6459949082790701,37.759162644476014,0.9486445793138719,1.8639949907727569,5.2387548664182395,7.107194737073444,7.699003870010725,8.105535950396542,8.37550925270349,8.633370928470411,8.838335225145032,8.926430225802264,9.0184448804672,9.092418477686493,9.16984842397923
simpleLambda,JDGUIJ2K,0,21.0,5.0,1,2,31,13,0.031236363164748905,5.571428571428571,907.1363651900162,44,6,7,50.39646473277868,13,162.81934759820805,0,8,3,291,5.668208545063824,0.3611467671724594,50.851151732094344,0.3870545041155978,2.139458648061143,5.668208545063824,7.810947750114565,8.386045596327328,8.60235320415505,8.732497659397955,8.835264263048344,8.928715627465062,8.99682168912491,9.065791708003971,9.12579734440874,9.180326581627984
smartCast,BytecodeChatGPT,0,5.0,0.0,0,1,3,1,0.001141821107885979,1.0,6.339850002884624,4,2,1,0.3522138890491458,3,6.339850002884624,0,2,1,53,4.634986748321932,0.416847685215376,24.846775772323028,0.6447016657779638,1.3117843054405893,4.634986748321932,5.952354239050173,6.397912321166693,6.715566417117893,6.98704940247963,7.244535416377508,7.375728527690691,7.517769436986881,7.663988976175877,7.823309883151712,7.997520633582987
smartCast,FernflowerJ2K,0,5.0,0.0,0,1,5,2,0.0036469818385629123,2.0,36.18947501009619,7,4,2,2.0105263894497885,6,18.094737505048094,0,2,1,86,5.265620682793063,0.4309415413428366,38.46890028967597,0.41917782504995416,1.044146763134611,5.265620682793063,6.327407090391535,6.78666862197877,7.065726220336279,7.193300223734699,7.322383598278043,7.417973243689893,7.495778341732899,7.586230791439818,7.681090238052114,7.780672430198352
smartCast,FernflowerChatGPT,0,8.0,3.0,1,2,3,2,0.0015471962778709262,1.0,10.0,5,2,2,0.5555555555555556,4,10.0,0,2,3,62,4.892402487173528,0.4280128022444409,29.70023594783941,0.5389911930740151,1.3760014612817288,4.892402487173528,6.279306694314365,6.795234682228636,7.1622364536538985,7.376468169586005,7.598107707902875,7.746141131950706,7.8206205327591904,7.893935791691925,7.9726108428529585,8.057221442139936
smartCast,CFRJ2K,0,5.0,0.0,0,1,5,1,0.003063600184050184,2.0,27.863137138648348,6,4,1,1.5479520632582415,5,13.931568569324174,0,2,1,81,4.895555887599569,0.29882980146555577,29.76522485036001,0.40872923524561616,1.1664298909520052,4.895555887599569,6.07398870197189,6.585657329335373,6.975188848451895,7.170019878569379,7.338269923964066,7.4708539815581885,7.585281973030259,7.6695163226738465,7.758412218899111,7.852348731134293
smartCast,CFRChatGPT,0,8.0,3.0,1,2,3,1,0.001141821107885979,1.0,6.339850002884624,4,2,1,0.3522138890491458,3,6.339850002884624,0,2,3,59,4.715868446143255,0.3520420552551766,26.279545983267646,0.5388933746078326,1.1991663719229977,4.715868446143255,5.924435044417575,6.412849951905388,6.850351448990484,7.07857138635012,7.272937626367647,7.420306760590724,7.523487134980638,7.627471335911008,7.7394852220242765,7.860456910049844
smartCast,JDGUIJ2K,0,5.0,0.0,0,1,6,1,0.004231947544565554,2.5,45.23684376262024,7,5,1,2.5131579868122356,6,18.094737505048094,0,2,1,91,4.891712839952052,0.22490240293718794,29.686041825201112,0.2893669445407404,1.1012203377196623,4.891712839952052,6.002956226577007,6.421425154142902,6.673944414576009,6.817804418052768,6.9484671799044415,7.046415743774518,7.127068624445677,7.220214045391255,7.317788375172048,7.4201015459440125
smartCast,JDGUIChatGPT,0,5.0,0.0,0,1,3,1,0.001141821107885979,1.0,6.339850002884624,4,2,1,0.3522138890491458,3,6.339850002884624,0,2,1,53,4.694951224481441,0.39072192697213987,25.90127522851924,0.5809191378592721,1.2042391203938119,4.694951224481441,5.906707868107109,6.317411071193147,6.543152624019444,6.73704940248663,6.911202083053174,7.029574681545845,7.1177694369968805,7.205655642853543,7.301570752728929,7.406611542686896
tailRecursion,BytecodeChatGPT,0,6.0,3.0,1,2,5,4,0.005519305767765066,2.6666666666666665,67.3765181293825,9,4,3,3.743139896076806,7,25.26619429851844,0,1,3,100,5.075537839518164,0.40263224264344594,33.720121734601726,0.6051969385067086,1.3545352189364537,5.075537839518164,6.436614896860375,7.053328395860008,7.282790202293747,7.413082103315025,7.523420460618735,7.582374172978274,7.644405489116373,7.706775383879404,7.757230772734184,7.80979632281411
tailRecursion,FernflowerJ2K,0,19.0,7.0,1,3,17,8,0.026702698605393975,8.0,716.9925001442313,25,8,4,39.83291667467952,12,89.62406251802891,0,6,5,253,5.4701495001653235,0.3224834743982846,44.3280962679287,0.3088075556616138,1.9906715682413672,5.4701495001653235,7.4663417321342775,8.268203050057904,8.622864259399577,8.771169875743503,8.88069763748921,8.953845381424763,9.014770999522698,9.05936995266869,9.088705053950981,9.118473865855776
tailRecursion,FernflowerChatGPT,0,10.0,0.0,0,2,7,4,0.006309349300660978,2.6666666666666665,82.34907771368972,11,4,3,4.574948761871651,7,30.880904142633646,0,3,3,103,5.420690333894602,0.6549671833124744,42.83417313020412,0.65366098893141,1.6828588642058953,5.420690333894602,7.115938826525515,7.734156716527731,8.029463052044123,8.254885677262232,8.438068274157912,8.553129729522459,8.650862733344685,8.706007565817895,8.763240757283057,8.822678535596548
tailRecursion,CFRJ2K,0,19.0,7.0,1,3,16,8,0.023214255858175725,7.0,581.184511931066,24,7,4,32.28802844061478,11,83.02635884729514,0,6,5,245,5.384749336555064,0.34675792831012253,41.780253376696294,0.309343445767653,1.9700515569653732,5.384749336555064,7.360013088993778,8.130198380321486,8.499643563960088,8.679662885764554,8.820004751459173,8.916187070360506,8.993049209535661,9.039149891912963,9.076559091955474,9.114532979202412
tailRecursion,CFRChatGPT,0,6.0,3.0,1,2,5,4,0.005519305767765066,2.6666666666666665,67.3765181293825,9,4,3,3.743139896076806,7,25.26619429851844,0,1,3,100,4.957391368881136,0.37631535537200267,31.068730097716866,0.6225466201896297,1.3576182298402237,4.957391368881136,6.3195489545804255,7.0260014562006505,7.30033406194187,7.466653531883454,7.614329551522825,7.730522321118422,7.81421680986209,7.860621537717559,7.914093517824223,7.96979632280611
tailRecursion,JDGUIJ2K,0,1.0,0.0,0,1,0,0,0.0,0.0,0.0,0,0,0,0.0,0,0.0,0,0,1,10,6.707839548440187,4.186198909545629,104.5348042156641,4.635811336697315,0.8344043786697207,6.707839548440187,7.115739265894322,7.286456531525515,7.543713978718885,7.974055679404292,8.74079133569575,9.238404743083022,3.963963011383683e-09,4.071433810151494e-09,4.169881895669965e-09,4.268280122026574e-09
tailRecursion,JDGUIChatGPT,0,6.0,3.0,1,2,5,4,0.005519305767765066,2.6666666666666665,67.3765181293825,9,4,3,3.743139896076806,7,25.26619429851844,0,1,3,100,5.118620547861932,0.4457149509872136,34.74228041864745,0.6266237313387099,1.4152972952162783,5.118620547861932,6.541189896878651,7.221516111404797,7.4992787988232426,7.679596612293061,7.841780006134441,7.9730174600877,8.091192281654378,8.173403508979955,8.244478321870346,8.31848807294733
labeledBlocks,BytecodeChatGPT,0,14.0,5.0,1,4,8,5,0.012443977192778299,6.25,228.09758741718036,13,5,2,12.672088189843354,7,36.49561398674886,2,2,10,109,5.030594410911828,0.5300723708901791,32.685852285543135,0.6899599719682837,1.6807688730926367,5.030594410911828,6.727540249200631,7.413172481560961,7.831832342153492,8.14064816280898,8.417614165240929,8.59804623039377,8.77722359232022,8.94971763852907,9.041180644565129,9.09707550253663
labeledBlocks,FernflowerChatGPT,0,10.0,5.0,1,4,4,5,0.00610417685274441,3.75,78.36507320244847,9,3,2,4.353615177913804,5,20.89735285398626,0,0,10,90,4.610947814061885,0.3179602109724133,24.436196032206734,0.5816630985145144,1.1256023337744623,4.610947814061885,5.7488960938485905,6.27407759468199,6.72194484971577,7.07836712205767,7.378587508726279,7.618784094033554,7.78809228879544,7.915589191703612,8.021095529109461,8.11961604196029
labeledBlocks,FernflowerJ2K,0,12.0,5.0,1,4,11,5,0.015269685120401316,5.833333333333334,310.04662218948715,16,7,3,17.224812343860396,10,53.150849518197795,0,1,10,146,5.231987210674164,0.367310834884732,37.58244991325824,0.29439306545247,1.4184823877204937,5.231987210674164,6.665326791391816,7.312578874105745,7.7611420060177405,8.076724256931334,8.265889422642145,8.43142152860922,8.556967546048043,8.675705366458418,8.777659745293397,8.846720175315443
labeledBlocks,CFRChatGPT,0,10.0,5.0,1,4,4,5,0.00610417685274441,3.75,78.36507320244847,9,3,2,4.353615177913804,5,20.89735285398626,2,0,10,92,4.737596027206492,0.3426553072209862,26.678322090008944,0.543717126386657,1.1586837188423436,4.737596027206492,5.910295275524096,6.462474425549667,6.858870227037916,7.183456280197859,7.492926505703119,7.707251006198338,7.852418334310208,7.956467146061633,8.044905466504474,8.119376292042316
labeledBlocks,CFRJ2K,0,10.0,5.0,1,4,11,5,0.015269685120401316,5.833333333333334,310.04662218948715,16,7,3,17.224812343860396,10,53.150849518197795,2,0,10,144,5.105979767652671,0.330786777821027,34.439201014529004,0.3193171156102283,1.321503061532757,5.105979767652671,6.441091861166837,7.083294636922151,7.499440925671762,7.78554651032042,8.036792467927484,8.241241135804977,8.33685361422737,8.422044607543155,8.489390482969192,8.555673899692701
labeledBlocks,JDGUIChatGPT,0,10.0,5.0,1,4,4,5,0.00610417685274441,3.75,78.36507320244847,9,3,2,4.353615177913804,5,20.89735285398626,2,0,10,92,4.703697722123746,0.3087570021382404,26.05878153063235,0.5271846315111415,1.1586837188423438,4.703697722123746,5.875812516905406,6.427386706253421,6.823155941325631,7.147092643836223,7.455889468668082,7.669515157143735,7.813956795850669,7.917251459789123,8.004905466506473,8.09896812877801
labeledBlocks,JDGUIJ2K,0,12.0,5.0,1,4,7,5,0.012604847345273484,5.833333333333334,232.5349666421154,12,7,3,12.9186092578953,10,39.86313713864835,2,1,10,104,4.923264516941772,0.2564082502912183,30.342425632766744,0.3229203809765822,1.3308695127674155,4.923264516941772,6.269536475550667,6.818758591962007,7.191239041307221,7.476498805024839,7.747323986868531,7.97659034989531,8.166295359096162,8.331880984017264,8.43863254382489,8.481387292382005
operatorOverloading,BytecodeChatGPT,0,7.0,0.0,0,1,6,6,0.003926316346159389,1.2,40.4259108776295,12,2,5,2.245883937646083,7,33.68825906469125,0,3,1,151,5.192338765756786,0.39556046157103714,36.56366457089273,0.5648411792711956,1.7539035663584117,5.192338765756786,6.953364108141112,7.596983823696038,7.858774012599861,8.029819643412587,8.162352895217785,8.239199073669235,8.305490031936495,8.37305008034921,8.451059946974274,8.531120663618205
operatorOverloading,FernflowerChatGPT,0,7.0,0.0,0,1,6,6,0.003926316346159389,1.2,40.4259108776295,12,2,5,2.245883937646083,7,33.68825906469125,0,3,1,157,5.520439756684252,0.5212419313923264,45.9005570333971,0.5564276051458346,1.800140891568696,5.520439756684252,7.330741150130842,8.028888466447615,8.407012633060537,8.703124054981574,8.957016814013652,9.124813822828822,9.243221501644642,9.364034917303728,9.472010102238409,9.582609891349701
operatorOverloading,CFRChatGPT,0,7.0,0.0,0,1,6,4,0.0029141701819800085,1.0,25.84962500721156,10,2,4,1.43609027817842,6,25.84962500721156,0,3,1,141,5.203090007248607,0.4389734274405604,36.83716185762149,0.6464561920342832,1.7922579387153115,5.203090007248607,7.002995454302823,7.637264667478424,7.894982157196568,8.045554698653458,8.187084787379877,8.290852614373133,8.353666496690947,8.413432092279962,8.456974708667852,8.501736278187028
operatorOverloading,JDGUIChatGPT,0,7.0,0.0,0,1,6,4,0.0029141701819800085,1.0,25.84962500721156,10,2,4,1.43609027817842,6,25.84962500721156,0,3,1,141,5.203090007248607,0.4389734274405604,36.83716185762149,0.6464561920342832,1.7922579387153115,5.203090007248607,7.002995454302823,7.637264667478424,7.894982157196568,8.045554698653458,8.187084787379877,8.290852614373133,8.353666496690947,8.413432092279962,8.456974708667852,8.501736278187028
operatorOverloading,JDGUIJ2K,0,21.0,5.0,3,4,19,19,0.04378268343350285,9.5,1505.3429255206747,38,9,9,83.63016252892638,18,158.45715005480787,0,5,7,517,5.447096952297849,0.14133761523207644,43.625415058920396,0.1681011090367005,2.0377724465748654,5.447096952297849,7.487765749571303,8.312583683946935,8.706536683195777,8.928837777185072,9.067711526462315,9.163512366718859,9.24164882326597,9.311893642464035,9.363041216638576,9.411034054503125
list,BytecodeChatGPT,0,6.0,0.0,0,2,2,3,0.00170906242423416,1.0,11.60964047443681,5,2,3,0.6449800263576005,5,11.60964047443681,0,1,3,58,4.9037252941604015,0.5744422753020044,29.934251559831953,0.867957810931241,1.1626037690863316,4.9037252941604015,6.08079926166855,6.553638255780896,6.902426981571628,7.198415360125612,7.498983576607187,7.671416303957972,7.779054914570141,7.85781074103624,7.881853083299831,7.908015331659738
list,FernflowerChatGPT,0,6.0,0.0,0,2,2,3,0.00170906242423416,1.0,11.60964047443681,5,2,3,0.6449800263576005,5,11.60964047443681,0,1,3,59,4.978688190783548,0.586540965245446,31.530763311812407,0.8481261259348845,1.2366690186070932,4.978688190783548,6.095631078278866,6.525514538082104,6.832503333371779,7.085729162599012,7.340628080074681,7.521450010866273,7.620119400419509,7.690296719884315,7.707151373911391,7.725491331674327
list,FernflowerJ2K,0,12.0,0.0,0,2,12,3,0.009100244885764636,3.0,142.64662506490407,15,6,3,7.924812503605782,9,47.548875021634686,0,4,3,161,5.389255617907472,0.44533861258213464,41.910958699383194,0.4723699726723079,1.740754030055885,5.389255617907472,7.1404958149181805,7.799938590955709,8.130886193209081,8.326513452421905,8.509773640761306,8.672082510634768,8.755943604837714,8.829833208486985,8.905581776853959,8.956469109300057
list,CFRChatGPT,0,8.0,0.0,0,2,4,3,0.0030105171772436758,1.5,27.14210625757214,7,3,3,1.5078947920873411,6,18.094737505048094,0,2,3,74,4.922908207506838,0.462889506417452,30.33493274114626,0.7322618059416098,1.3783892022080253,4.922908207506838,6.202087911754163,6.6305504904101245,6.940492860861546,7.249075429416471,7.574732190836715,7.82778631107703,7.9873164744100364,8.139595145994118,8.284001126977758,8.437044917391766
list,CFRJ2K,0,8.0,0.0,0,2,13,3,0.010862528153285396,3.5,186.02797331369229,16,7,3,10.334887406316238,10,53.150849518197795,0,2,3,131,5.432425452417089,0.4255837129674877,43.1840142364432,0.47238612545814157,1.3218689182055605,5.432425452417089,6.767948714806221,7.2693971722793025,7.608878399956534,7.807098853131702,8.005489336907813,8.156229832062875,8.262329894984473,8.371619802724156,8.475511780130113,8.549746066482989
list,JDGUIChatGPT,0,8.0,0.0,0,2,4,3,0.0030105171772436758,1.5,27.14210625757214,7,3,3,1.5078947920873411,6,18.094737505048094,0,2,3,73,4.79652753617931,0.39291785990018446,27.79064735965005,0.713703885786014,1.3159698974964738,4.79652753617931,6.121187318157894,6.548064664492851,6.878379642651953,7.167704747158591,7.458146177886839,7.687929116530363,7.848075265301824,7.972226631683724,8.069414559284116,8.172640480601647
list,JDGUIJ2K,0,8.0,0.0,0,2,17,7,0.01380180748686968,3.0,266.4316597061586,24,6,7,14.801758872564367,13,88.81055323538621,0,2,3,135,5.8238604357101265,0.7332260080068198,56.64436097219297,0.5250845402590467,1.746968207932306,5.8238604357101265,7.587292808651319,8.155233474799237,8.420244969694613,8.622038593343092,8.820581108910465,9.00108021348327,9.061365928458175,9.123391412295133,9.164906929451684,9.162391331677611
singleton,BytecodeChatGPT,0,1.0,0.0,0,1,0,1,0.0,0.0,0.0,1,0,1,0.0,1,0.0,0,0,1,53,4.266299944775588,0.4819314561024209,19.243508404963805,0.8589832200959231,1.224044605860528,4.266299944775588,5.512143716809621,6.103367798787503,6.6288302501071685,6.926677853690321,7.242420230216392,7.423705961279732,7.612368874541431,7.788266873406919,7.970373229941707,8.157640825981
singleton,FernflowerChatGPT,0,1.0,0.0,0,1,0,1,0.0,0.0,0.0,1,0,1,0.0,1,0.0,0,0,1,53,4.124612285980665,0.3402437973074984,17.44343529365454,0.7579050502799809,1.154060083410931,4.124612285980665,5.295748613605124,5.799444309444006,6.242623779003088,6.4520933651395405,6.6726594151843965,6.814553213675126,6.894501429121332,6.952231278187197,7.017383035205305,7.079361959823896
singleton,CFRChatGPT,0,1.0,0.0,0,1,0,1,0.0,0.0,0.0,1,0,1,0.0,1,0.0,0,0,1,53,4.124612285980665,0.3402437973074984,17.44343529365454,0.7579050502799809,1.1540600834109307,4.124612285980665,5.295748613605124,5.799444309444006,6.242623779003088,6.4520933651395405,6.6726594151843965,6.814553213675126,6.894501429121332,6.952231278187197,7.017383035205305,7.079361959823896
singleton,JDGUIChatGPT,0,1.0,0.0,0,1,0,1,0.0,0.0,0.0,1,0,1,0.0,1,0.0,0,0,1,53,4.124612285980665,0.3402437973074984,17.44343529365454,0.7579050502799809,1.154060083410931,4.124612285980665,5.295748613605124,5.799444309444006,6.242623779003088,6.4520933651395405,6.6726594151843965,6.814553213675126,6.894501429121332,6.952231278187197,7.017383035205305,7.079361959823896
singleton,JDGUIJ2K,0,3.0,0.0,0,1,4,1,0.002712967490108627,2.0,23.21928094887362,5,4,1,1.289960052715201,5,11.60964047443681,0,0,1,131,4.660746462295092,0.15738712496421636,25.294406128449285,0.20298018492998893,1.2596858009210732,4.660746462295092,5.934009327361596,6.466703284160531,6.87439761392821,7.085054290645346,7.26599161667908,7.407165375943031,7.535243569123915,7.6377759502324,7.729151020973366,7.819412370897284
nothing,BytecodeChatGPT,0,1.0,0.0,0,1,0,1,0.0,0.0,0.0,1,0,1,0.0,1,0.0,0,0,1,57,4.63915829171884,0.43404839052880406,24.918724032898783,0.6544718983464362,1.1464102110797258,4.63915829171884,5.799711055190682,6.135743829513056,6.303496317719782,6.455561928800933,6.611737458544237,6.679081897695859,6.7564906807798755,6.840153896949836,6.903700503765747,6.9648434090848115
nothing,FernflowerChatGPT,0,1.0,0.0,0,1,0,1,0.0,0.0,0.0,1,0,1,0.0,1,0.0,0,0,1,57,4.63915829171884,0.43404839052880406,24.918724032898783,0.6544718983464362,1.0799664208425614,4.63915829171884,5.733267264956695,6.207393259174133,6.4680168554980835,6.719144981904461,6.9812149245818205,7.197731949019132,7.368424067335882,7.5525462599104785,7.724588561243555,7.883042351158109
nothing,FernflowerJ2K,0,2.0,0.0,0,1,3,2,0.002239505320238735,1.5,17.414460711655217,5,3,2,0.9674700395364009,5,11.60964047443681,0,0,1,130,5.008035735864515,0.18812565636376147,32.178735637038606,0.18058586460311082,1.278909568322584,5.008035735864515,6.297734725421086,6.794249592603532,7.070500429700043,7.196435352205922,7.323306276310486,7.42808645001217,7.518724670493828,7.6121363619570515,7.663670035749854,7.713958281859709
nothing,CFRChatGPT,0,1.0,0.0,0,1,0,1,0.0,0.0,0.0,1,0,1,0.0,1,0.0,0,0,1,55,4.397616576330375,0.3351165751344804,21.077276795776488,0.6673825826552857,1.0590818376006619,4.397616576330375,5.46421848538789,5.867672146501834,6.038025915885981,6.191758917861891,6.350030616545711,6.451261711946275,6.526074136880856,6.607446783106985,6.666755365062746,6.737690594029451
nothing,CFRJ2K,0,2.0,0.0,0,1,4,2,0.003290806962640765,2.0,31.019550008653873,6,4,2,1.723308333814104,6,15.509775004326936,0,0,1,125,5.110725272649503,0.23367186298437967,34.55266954460684,0.188041997018477,1.2879693479568073,5.110725272649503,6.411525671742577,6.817490032021273,7.052442458273666,7.1982583370567665,7.345636739490532,7.470547921006132,7.581284878323559,7.695542261041172,7.7666105584754455,7.836994817143338
nothing,JDGUIChatGPT,0,1.0,0.0,0,1,0,1,0.0,0.0,0.0,1,0,1,0.0,1,0.0,0,0,1,55,4.397616576330375,0.3351165751344804,21.077276795776488,0.6673825826552857,1.0590818376006619,4.397616576330375,5.46421848538789,5.867672146501834,6.038025915885981,6.191758917861891,6.350030616545711,6.451261711946275,6.526074136880856,6.607446783106985,6.666755365062746,6.737690594029451
nothing,JDGUIJ2K,0,2.0,0.0,0,1,0,2,0.0,0.0,0.0,2,0,2,0.0,2,2.0,0,0,1,87,4.796281821774236,0.2687982270607071,27.78591456393471,0.3422781775169188,1.2583008797326958,4.796281821774236,6.0667901480062705,6.430714546083211,6.633063856294342,6.794026175958996,6.957898699140267,7.089769501237675,7.201166040232583,7.317798621693591,7.3702658390212195,7.428491943370938
elvis,BytecodeChatGPT,0,5.0,0.0,0,1,3,1,0.001141821107885979,1.0,6.339850002884624,4,2,1,0.3522138890491458,3,6.339850002884624,0,2,1,46,4.5745541181243325,0.2671991954289192,23.82747411065197,0.42393312451735155,0.7389802666529357,4.5745541181243325,5.315699415506355,5.543243239538496,5.7582974896068215,5.956849442477305,6.1576603671740875,6.23948619944469,6.306489988196142,6.380722737346569,6.453189804236775,6.516417885196692
elvis,FernflowerJ2K,0,5.0,0.0,0,1,5,1,0.003063600184050184,2.0,27.863137138648348,6,4,1,1.5479520632582415,5,13.931568569324174,0,2,1,83,4.98118334020508,0.26983395512696035,31.58534313387059,0.2196078954390483,0.8503143419909216,4.98118334020508,5.843647742060099,6.217257274176483,6.490747340662605,6.641827843207986,6.805216175912952,6.942837312894907,7.020409916294503,7.102013628846272,7.197760134256448,7.283680345986893
elvis,FernflowerChatGPT,0,5.0,0.0,0,1,3,1,0.001141821107885979,1.0,6.339850002884624,4,2,1,0.3522138890491458,3,6.339850002884624,0,2,1,49,4.548302677311062,0.2414120810647337,23.397827521951225,0.40785843993537396,0.8117648908704498,4.548302677311062,5.360807500763509,5.75189539335501,6.143531741990364,6.418132255427346,6.691997567412839,6.913812369505436,7.090786880746675,7.284328601918965,7.48763354327885,7.595705050569765
elvis,CFRJ2K,0,5.0,0.0,0,1,6,1,0.004231947544565554,2.5,45.23684376262024,7,5,1,2.5131579868122356,6,18.094737505048094,0,2,1,86,5.06942748254381,0.3108645426597148,33.57760633263149,0.20206152037204503,0.9857248008654348,5.06942748254381,6.068745627157939,6.552108489696326,6.882421056118133,7.099643172770484,7.286733286487032,7.413696830778838,7.523543641779137,7.638861949760449,7.72554037492789,7.777184226201204
elvis,CFRChatGPT,0,5.0,0.0,0,1,3,1,0.001141821107885979,1.0,6.339850002884624,4,2,1,0.3522138890491458,3,6.339850002884624,0,2,1,46,4.538839832411047,0.23148490971563346,23.24486001220549,0.40554933258878495,0.7389802666529357,4.538839832411047,5.278662378470318,5.504781701077958,5.718297489607822,5.915182775811638,6.114182106305522,6.23948619944469,6.306489988196142,6.380722737346569,6.453189804236775,6.516417885196692
elvis,JDGUIJ2K,0,5.0,0.0,0,1,2,1,0.0004367902323681494,0.5,1.5,3,1,1,0.08333333333333333,2,3.0,0,2,1,49,4.622733446931459,0.24917618405832728,24.63663727740775,0.39470835243005686,0.8078068409646157,4.622733446931459,5.437828771751098,5.667918763290785,5.945333755265254,6.151351173032605,6.383440938576267,6.575105985330815,6.661833888819488,6.7569247651706394,6.880257947950487,6.987208800509819
elvis,JDGUIChatGPT,0,5.0,0.0,0,1,3,1,0.001141821107885979,1.0,6.339850002884624,4,2,1,0.3522138890491458,3,6.339850002884624,0,2,1,46,4.538839832411047,0.23148490971563346,23.24486001220549,0.40554933258878495,0.7389802666529358,4.538839832411047,5.278662378470318,5.504781701077958,5.718297489607822,5.915182775811638,6.114182106305522,6.23948619944469,6.306489988196142,6.380722737346569,6.453189804236775,6.516417885196692
companionObject,BytecodeChatGPT,0,1.0,0.0,0,1,0,1,0.0,0.0,0.0,1,0,1,0.0,1,0.0,0,0,1,59,4.346572537076491,0.43885773300411635,20.344579223368893,0.8488505048504753,1.201462351461653,4.346572537076491,5.570056791221683,6.089602437581445,6.451815383439632,6.624721672716783,6.804779303469122,6.852896316784799,6.897794105273044,6.92827198538581,6.961337195466139,6.988405367144374
companionObject,FernflowerChatGPT,0,1.0,0.0,0,1,0,1,0.0,0.0,0.0,1,0,1,0.0,1,0.0,0,0,1,59,4.301287894200328,0.39357309012795394,19.715903151272123,0.8259602601178704,1.201462351461653,4.301287894200328,5.52344024708441,6.04157327089451,6.402285305293681,6.573593850114459,6.751947220113335,6.852896316784799,6.897794105273044,6.92827198538581,6.961337195466139,6.988405367144374
companionObject,CFRChatGPT,0,1.0,0.0,0,1,0,1,0.0,0.0,0.0,1,0,1,0.0,1,0.0,0,0,1,59,4.301287894200328,0.39357309012795394,19.715903151272123,0.8259602601178704,1.201462351461653,4.301287894200328,5.52344024708441,6.04157327089451,6.402285305293681,6.573593850114459,6.751947220113335,6.852896316784799,6.897794105273044,6.92827198538581,6.961337195466139,6.988405367144374
companionObject,JDGUIChatGPT,0,1.0,0.0,0,1,0,1,0.0,0.0,0.0,1,0,1,0.0,1,0.0,0,0,1,59,4.301287894200328,0.39357309012795394,19.715903151272123,0.8259602601178704,1.2014623514616527,4.301287894200328,5.52344024708441,6.04157327089451,6.402285305293681,6.573593850114459,6.751947220113335,6.852896316784799,6.897794105273044,6.92827198538581,6.961337195466139,6.988405367144374
loops,BytecodeChatGPT,0,6.0,0.0,0,2,3,2,0.002239505320238735,1.5,17.414460711655217,5,3,2,0.9674700395364009,5,11.60964047443681,0,1,3,51,4.995332227198145,0.7300126949671936,31.89663279623836,0.8593600247383524,1.6684953349212255,4.995332227198145,6.549854471302681,7.19431374935192,7.5255581653591905,7.848697091298261,8.17559079564616,8.258550220521624,8.348454597830312,8.446173368833133,8.483815779083553,8.479780265963788
loops,FernflowerJ2K,0,6.0,0.0,0,2,6,2,0.0057689982812296325,3.0,72.0,8,6,2,4.0,8,24.0,0,1,3,90,5.195855468620207,0.4034525667640606,36.652900608178754,0.35834176000052864,0.9871539320546046,5.195855468620207,6.208250524355559,6.7784608792141725,7.155058103086115,7.314110985068761,7.477000674320928,7.595594093053805,7.6856701873179665,7.779825498532015,7.878332654513197,7.98148907253539
loops,FernflowerChatGPT,0,6.0,0.0,0,2,2,2,0.0013333333333333333,1.0,8.0,4,2,2,0.4444444444444444,4,8.0,0,1,3,50,4.77748955894028,0.45264082822197643,27.426327725005834,0.5651430066025477,1.0244407640424433,4.77748955894028,5.831823126997812,6.374669710766923,6.7433446079006245,6.951945176429606,7.171597696889985,7.2707525330049965,7.3541183359102575,7.445070201067821,7.544644047395789,7.654073122995101
loops,CFRJ2K,0,4.0,0.0,0,2,6,2,0.0057689982812296325,3.0,72.0,8,6,2,4.0,8,24.0,0,0,3,90,5.078220123150236,0.4403833944886958,33.78287308566146,0.45953704235067483,1.0611073750945657,5.078220123150236,6.1628675102449595,6.758693200469906,7.2352547739196975,7.485442571738312,7.622358065699505,7.725375775287945,7.798579254485921,7.875202953273002,7.955480765326523,8.03966834711613
loops,CFRChatGPT,0,4.0,0.0,0,2,1,2,0.000593770903833207,0.5,2.377443751081734,3,1,2,0.13208020839342968,3,4.754887502163468,0,0,3,45,4.576008216751287,0.39400240079517923,23.8515020326696,0.6394034526166211,0.9903573774144729,4.576008216751287,5.420560254610131,5.794730245601793,6.0602252101287,6.293493234259004,6.523356084839657,6.691110574723973,6.799736289446857,6.906461916442675,7.0109891374265585,7.127566376972901
loops,JDGUIJ2K,0,4.0,0.0,0,2,2,2,0.0013333333333333333,1.0,8.0,4,2,2,0.4444444444444444,4,8.0,0,0,3,48,4.799919252442141,0.47668782252835235,27.856058879842013,0.6580911084017872,0.9945430130334044,4.799919252442141,5.826295031974819,6.218974162025482,6.5523532206531465,6.854669773124578,7.168272269152174,7.420959720644508,7.627044541880802,7.734718731287776,7.85301860775695,7.983539640810384
loops,JDGUIChatGPT,0,4.0,0.0,0,2,1,2,0.000593770903833207,0.5,2.377443751081734,3,1,2,0.13208020839342968,3,4.754887502163468,0,0,3,44,4.42994791911825,0.323570601064467,21.554959087896854,0.6427728595725127,0.811376653863161,4.42994791911825,5.2630548859966435,5.606049349255353,5.8332431505138045,6.023478777537394,6.206242911964524,6.319456076947376,6.415130449037439,6.507442015450756,6.595832101789991,6.6950832070433135
generic,BytecodeChatGPT,0,3.0,0.0,0,1,4,1,0.002027400665191133,1.5,15.0,5,3,1,0.8333333333333334,4,10.0,0,1,1,86,4.742655422598772,0.3632379247704015,26.772044690624686,0.4461091021601568,1.6549816192670157,4.742655422598772,6.397993753673637,7.138063516221914,7.490531345185508,7.771738210790082,8.030836571382986,8.155539613500897,8.21949396091066,8.274887536510843,8.333214527402314,8.379702135218512
generic,FernflowerChatGPT,0,5.0,0.0,0,1,4,1,0.002027400665191133,1.5,15.0,5,3,1,0.8333333333333334,4,10.0,0,2,1,74,4.597225942831389,0.24085554300845907,24.204878425342443,0.39532355845003225,1.518281822010598,4.597225942831389,6.110822601921476,6.683787508396046,7.083541074537416,7.285809558467907,7.511575487184544,7.646767961767473,7.702147758059982,7.766644860494063,7.83525108987002,7.9001325827176725
generic,CFRChatGPT,0,3.0,0.0,0,1,5,1,0.0022894284851066636,1.5,18.0,6,3,1,1.0,4,12.0,0,1,1,72,4.637086543019738,0.24318758633096163,24.882965759187094,0.39411840024303346,1.4496575704050163,4.637086543019738,6.083022902412583,6.56141131141366,6.890675875715887,7.157143818175828,7.3946442732117035,7.575740934272339,7.706789735701835,7.8233000003668165,7.95020855051979,8.075134121338134
generic,JDGUIChatGPT,0,3.0,0.0,0,1,3,1,0.0017471609294725976,1.5,12.0,4,3,1,0.6666666666666666,4,8.0,0,1,1,63,4.550713789060833,0.2350912172375934,23.436963959852314,0.43497104906011286,1.2843789558236671,4.550713789060833,5.828855373504611,6.165404004169046,6.400872759852929,6.59734176259209,6.789225438646536,6.914228042974785,6.976686694130095,7.0528270909695046,7.138302542933522,7.224074372698294
classWithMethodsAndFields,BytecodeChatGPT,0,3.0,0.0,0,1,1,2,0.000593770903833207,0.5,2.377443751081734,3,1,2,0.13208020839342968,3,4.754887502163468,0,1,1,93,4.830092436524518,0.29815122926374543,28.444788256727964,0.4286069229273649,1.161966343514162,4.830092436524518,5.999659103692219,6.481059218199968,6.772789849420569,6.952185966102909,7.130652988218711,7.1967166681252115,7.265672154813655,7.334014188578117,7.405478154037836,7.480277084880387
genericsInOutWhere,BytecodeChatGPT,0,5.0,0.0,0,1,13,1,0.005389518211950695,2.0,65.01398665684614,14,4,1,3.6118881476025635,5,32.50699332842307,0,2,1,207,5.206206918730355,0.27878232159503785,36.9168337840877,0.39821863470028124,1.6879318572766073,5.206206918730355,6.8979531839055275,7.550163339607906,7.921887202833019,8.180509240481472,8.371205412370875,8.50121844780798,8.59731971530665,8.690151827591633,8.766553513585722,8.84281427117193
genericsInOutWhere,FernflowerChatGPT,0,5.0,0.0,0,1,10,1,0.0034294254927005915,1.5,33.0,11,3,1,1.8333333333333333,4,22.0,0,2,1,205,5.4723828789399835,0.38509198932304767,44.396771972885084,0.4230615447116874,1.707772573088987,5.4723828789399835,7.1862680657538025,7.940759341553023,8.427154353835542,8.787889847280944,9.090656931164501,9.307142110768327,9.452123808802265,9.571775092920031,9.669476348237595,9.766583850125514
genericsInOutWhere,CFRChatGPT,0,5.0,0.0,0,1,11,1,0.004863162154971231,2.0,55.726274277296696,12,4,1,3.095904126516483,5,27.863137138648348,0,2,1,205,5.135164092632857,0.2291690037298017,35.142966987092365,0.38418309733852063,1.6610707272692389,5.135164092632857,6.799710444037772,7.4337146620244114,7.77020170671822,8.00570011378806,8.196351884546658,8.342841985370615,8.43991230790835,8.533731588410555,8.614176125927864,8.697622723588731
genericsInOutWhere,JDGUIChatGPT,0,5.0,0.0,0,1,13,1,0.005389518211950695,2.0,65.01398665684614,14,4,1,3.6118881476025635,5,32.50699332842307,0,2,1,215,5.129441475019378,0.22999367958422862,35.00384442798511,0.38471131023104255,1.6178855919493191,5.129441475019378,6.7505578201478675,7.384288042133099,7.719472909082695,7.966688883909223,8.167372600872651,8.310770977328925,8.394359069665269,8.469377576553022,8.536554939991571,8.601038797407874
dataClass,BytecodeChatGPT,0,1.0,0.0,0,1,0,0,0.0,0.0,0.0,0,0,0,0.0,0,0.0,0,0,1,31,5.529753723424543,1.5078256257068976,46.19784733781642,1.811776536673962,1.4234118065283174,5.529753723424543,7.040057449521743,7.473100713833582,7.804568852064256,8.184352498955297,8.430201149543057,8.510865041351222,8.604175373062006,8.713294167159487,8.842533273866566,8.99792928486188
dataClass,FernflowerChatGPT,0,1.0,0.0,0,1,0,0,0.0,0.0,0.0,0,0,0,0.0,0,0.0,0,0,1,31,5.479753723425543,1.4578256257078976,44.62417906175178,1.8025104612735676,1.4234118065283174,5.479753723425543,6.987425870575375,7.417545158279026,7.745745322653491,8.121852498956297,8.363534482877391,8.510865041351222,8.604175373062006,8.713294167159487,8.842533273866566,8.99792928486188
dataClass,FernflowerJ2K,0,29.0,6.6,5,6,20,18,0.03699323839930136,7.875,1169.1370107358493,38,7,8,64.95205615199163,15,148.46184263312372,0,4,14,545,5.513781080495864,0.1530601184330951,45.6891937885721,0.13626839525662487,2.0781853429162402,5.513781080495864,7.595212342487822,8.402483409186857,8.795399680978443,8.957804995130326,9.054247834412958,9.121401313729422,9.17469841080828,9.2149802823909,9.250433168746484,9.272481781998296
dataClass,CFRChatGPT,0,1.0,0.0,0,1,0,0,0.0,0.0,0.0,0,0,0,0.0,0,0.0,0,0,1,31,5.479753723425543,1.4578256257078976,44.62417906175178,1.8025104612735676,1.423411806528318,5.479753723425543,6.987425870575375,7.417545158279026,7.745745322653491,8.121852498956297,8.363534482877391,8.510865041351222,8.604175373062006,8.713294167159487,8.842533273866566,8.99792928486188
dataClass,CFRJ2K,0,29.0,7.0,5,6,24,18,0.04391166852027565,9.0,1512.0,42,8,8,84.0,16,168.0,0,4,11,549,5.488493286408125,0.13804565290775705,44.89532400942612,0.15600088698187048,2.0303470344507812,5.488493286408125,7.5217720167334905,8.334550918250773,8.753854176314519,8.94251994770683,9.055866167779001,9.126209514398115,9.182173969939479,9.218730042028042,9.2504331687642,9.275707588457765
dataClass,JDGUIChatGPT,0,1.0,0.0,0,1,0,0,0.0,0.0,0.0,0,0,0,0.0,0,0.0,0,0,1,31,5.479753723425543,1.4578256257078976,44.62417906175178,1.8025104612735676,1.4234118065283174,5.479753723425543,6.987425870575375,7.417545158279026,7.745745322653491,8.121852498956297,8.363534482877391,8.510865041351222,8.604175373062006,8.713294167159487,8.842533273866566,8.99792928486188
dataClass,JDGUIJ2K,0,15.0,6.333333333333333,3,4,11,12,0.022992637936441473,7.199999999999999,572.8818760463363,23,6,5,31.826770891463127,11,79.56692722865783,0,2,7,344,5.310991822563343,0.20007349276847183,39.69792851175991,0.30267000444004527,1.9333027768076014,5.310991822563343,7.247597638157064,8.054237902137835,8.473962521768003,8.687460078974853,8.826291275624797,8.92571453761687,9.001267600930879,9.060862816387191,9.112676212144269,9.15798957049006
abruptControlFlow,BytecodeChatGPT,1,12.0,4.0,2,4,6,5,0.006761255684837643,2.5,91.35302260940247,11,5,5,5.075167922744582,10,36.541209043760986,0,1,10,106,4.734211954359636,0.3597123419515063,26.6158171386312,0.5200404084133179,1.434327365964706,4.734211954359636,6.1835304352267615,6.8312152235102035,7.170672400249899,7.448209821634336,7.716141642751132,7.886708512404631,8.037486454815282,8.118867111114108,8.203295314987313,8.287373108227827
abruptControlFlow,FernflowerJ2K,1,12.0,4.0,2,4,11,5,0.012759518436584124,4.0,236.8281419610299,16,8,5,13.157118997834994,13,59.207035490257475,0,1,9,159,5.13321678969642,0.3078027078558125,35.09556414959335,0.17779620361947196,1.3996215082654517,5.13321678969642,6.547218686721715,7.287323577831574,7.651370284867537,7.889034372748017,8.08198572466369,8.257448144312926,8.418780176690245,8.549035117569467,8.682410389083554,8.807737427215953
abruptControlFlow,FernflowerChatGPT,1,10.0,4.0,2,4,5,5,0.005299864104346932,2.0,63.39850002884624,10,4,5,3.522138890491458,9,31.69925001442312,0,0,9,98,4.5104007691025805,0.2132119538066335,22.791133444195115,0.4370733095169117,1.0362431056160015,4.5104007691025805,5.5592857542573855,6.04065893422965,6.3137222503245045,6.5301053570508385,6.7260430144445404,6.895587922198187,7.02709461369761,7.067194764001183,7.108996448336139,7.153211191553777
abruptControlFlow,CFRJ2K,2,10.0,4.0,2,4,11,5,0.012759518436584124,4.0,236.8281419610299,16,8,5,13.157118997834994,13,59.207035490257475,0,0,9,154,4.929230384661439,0.2634090938656944,30.46815815821262,0.2419542064831706,1.2743381327220586,4.929230384661439,6.216025869071648,6.847748624772805,7.282083129685897,7.569475141224145,7.762983664516474,7.919315326973334,8.060374853807224,8.202583137418346,8.34836120951103,8.463778838615772
abruptControlFlow,CFRChatGPT,2,10.0,4.0,2,4,7,5,0.00831285578253799,3.0,124.53953827094271,12,6,5,6.9188632372745955,11,41.51317942364757,0,0,9,120,4.812189317510347,0.2234715992544556,28.093983911814426,0.32677757949096553,1.1965309999488398,4.812189317510347,6.032075003885853,6.544893065128599,6.904532454334496,7.141762921255314,7.374062366624228,7.556622790278603,7.691603222234696,7.775158215101631,7.86148630722612,7.951211748131322
abruptControlFlow,JDGUIJ2K,1,10.0,4.0,2,4,5,5,0.005299864104346932,2.0,63.39850002884624,10,4,5,3.522138890491458,9,31.69925001442312,0,0,9,104,4.584264299124993,0.2155886434165679,23.988387854884785,0.400051700340081,1.0541954267285807,4.584264299124993,5.6518754999529035,6.12901854750149,6.423880515918793,6.627288923880863,6.811214202777135,6.970177054041457,7.093440453367539,7.13164497634611,7.171354450608784,7.213215572482202
abruptControlFlow,JDGUIChatGPT,1,10.0,4.0,2,4,4,5,0.0039311120913133445,1.5,40.5,9,3,5,2.25,8,27.0,0,0,9,98,4.545297272304819,0.24810845700887235,23.349136182494814,0.47354941594979116,1.059034969319634,4.545297272304819,5.617575785011606,6.12316331806404,6.415557069583593,6.651973536659196,6.868686530711436,7.059790750091905,7.213685957511529,7.27705260475182,7.343051445901002,7.41245098498655
propertyDelegation,BytecodeChatGPT,0,6.0,0.0,0,1,4,3,0.002138831719813076,1.0,16.253496664211536,7,2,3,0.9029720369006409,5,16.253496664211536,0,1,1,119,5.501221729700536,0.6139242622222343,45.293173763061354,0.8039653230375844,1.652683901116159,5.501221729700536,7.163151360149556,7.557652725733663,7.783285895129008,7.96200924964083,8.105570196018148,8.177886037309465,8.235976259303817,8.28921853740535,8.34428785327184,8.40127719601928
propertyDelegation,FernflowerChatGPT,0,6.0,0.0,0,1,4,3,0.002138831719813076,1.0,16.253496664211536,7,2,3,0.9029720369006409,5,16.253496664211536,0,1,1,119,5.9184013846552475,0.740503073905555,60.48063512344563,0.7694656938488684,1.5809531815226276,5.9184013846552475,7.514017328204492,8.004070009967265,8.402668379511208,8.73210185207254,9.02625149144612,9.169762385545516,9.200587644948657,9.22594009217747,9.252147096793701,9.279250092737582
propertyDelegation,CFRChatGPT,0,6.0,0.0,0,1,4,3,0.002138831719813076,1.0,16.253496664211536,7,2,3,0.9029720369006409,5,16.253496664211536,0,1,1,111,5.438767153394393,0.5547971805132815,43.37425741899755,0.7930171003711383,1.510648575987381,5.438767153394393,6.958531765324056,7.293099233942017,7.507039339926287,7.6766881534340525,7.8008527019337865,7.874288580967382,7.9044840790431,7.938848462884865,7.974519676277082,8.011570418365944
propertyDelegation,JDGUIChatGPT,0,6.0,0.0,0,1,4,3,0.002138831719813076,1.0,16.253496664211536,7,2,3,0.9029720369006409,5,16.253496664211536,0,1,1,111,5.627752579974551,0.7437826070934405,49.444994708216605,0.8898272893232019,1.6514536074555748,5.627752579974551,7.291321992043758,7.673501854897806,7.952447946480139,8.175435028464225,8.327882151140795,8.430575865529779,8.491055789675151,8.553751811206372,8.618784903658606,8.686285001809743
sequenceProcessing,BytecodeChatGPT,0,3.0,0.0,0,1,4,7,0.006457313583410306,2.3333333333333335,85.26282110210897,11,4,6,4.736823394561609,10,36.541209043760986,0,1,1,94,5.1519919127136085,0.5359254504887425,35.55528000489085,0.8739302334119087,1.3621276307394814,5.1519919127136085,6.5307161576214545,6.880627778600063,7.041374766601334,7.182650965395789,7.303983495203875,7.368416002834138,7.402112974296641,7.43747509815966,7.474621538446783,7.513683085775876
sequenceProcessing,FernflowerJ2K,0,5.0,0.0,0,1,12,7,0.014506409214276327,4.083333333333334,287.0924481324464,19,7,6,15.949580451802579,13,70.30835464468075,0,2,1,220,5.54752840435505,0.37454538476865573,46.77054725041834,0.3524420147630833,1.8418629021232864,5.54752840435505,7.399677631293067,7.9684749694307495,8.330676108265637,8.581932651616233,8.767689508591149,8.9152404692441,9.002588607249422,9.073960173808349,9.146630204463628,9.206482106785666
sequenceProcessing,FernflowerChatGPT,0,3.0,0.0,0,1,4,7,0.006457313583410306,2.3333333333333335,85.26282110210897,11,4,6,4.736823394561609,10,36.541209043760986,0,1,1,94,5.132384069577354,0.5163176073524876,35.07531291914294,0.8669580046560744,1.3621276307394814,5.132384069577354,6.510716157622454,6.860219615335757,7.020541433269001,7.1613743696521075,7.282244364770093,7.368416002834138,7.402112974296641,7.43747509815966,7.474621538446783,7.513683085775876
sequenceProcessing,CFRJ2K,0,3.0,0.0,0,1,8,5,0.006312871783006906,2.0,82.41805003750011,13,4,5,4.578780557638895,9,41.209025018750054,0,1,1,100,5.72669749259447,0.8232821956202417,52.955091327115454,0.9512076499790681,1.4099712679913907,5.72669749259447,7.160587678110318,7.685851301335248,8.075399474140049,8.307121827148125,8.496066229269255,8.639250190774712,8.741578430485289,8.848001529659781,8.958765366922352,9.041789719817682
sequenceProcessing,CFRChatGPT,0,3.0,0.0,0,1,4,7,0.006457313583410306,2.3333333333333335,85.26282110210897,11,4,6,4.736823394561609,10,36.541209043760986,0,1,1,94,5.132384069577354,0.5163176073524876,35.07531291914294,0.8669580046560744,1.3621276307394814,5.132384069577354,6.510716157622454,6.860219615335757,7.020541433269001,7.1613743696521075,7.282244364770093,7.368416002834138,7.402112974296641,7.43747509815966,7.474621538446783,7.513683085775876
sequenceProcessing,JDGUIJ2K,0,10.0,0.0,0,1,30,28,0.06154116276021191,10.181818181818182,2508.5942843026846,58,8,11,139.36634912792692,19,246.37979577972794,0,2,1,394,5.868765945527633,0.40524718763183337,58.43520704279318,0.35343942001274264,2.0385748176663063,5.868765945527633,7.913612139857982,8.488948687123415,8.720828120760054,8.890376795923665,9.011372897920149,9.094906662992802,9.160106917429825,9.216825477240283,9.269512399960256,9.297080301593924
sequenceProcessing,JDGUIChatGPT,0,5.0,0.0,0,1,5,7,0.006842963937699977,2.3333333333333335,93.01398665684616,12,4,6,5.16744370315812,10,39.86313713864835,0,2,1,109,5.205288032315227,0.5259283445243522,36.893328070540655,0.8308925896979797,1.590778464925427,5.205288032315227,6.8109955964477775,7.284568342178566,7.536398793266417,7.73853858780982,7.925943056371217,8.086396898143896,8.186074834135185,8.289743696111223,8.377643126688413,8.469216005291663
ifElseOperator,BytecodeChatGPT,0,6.0,3.0,1,2,2,3,0.00170906242423416,1.0,11.60964047443681,5,2,3,0.6449800263576005,5,11.60964047443681,0,1,3,46,4.729843164862974,0.4756475135162984,26.53534065680888,0.6633740655015269,1.0396855036607984,4.729843164862974,5.633451360216762,6.017648480738967,6.357632966229848,6.611466204087677,6.881064467142405,7.042099078476477,7.146105351585736,7.260412524823772,7.370471168929315,7.418080342281823
ifElseOperator,FernflowerJ2K,0,5.0,0.0,0,1,5,1,0.003063600184050184,2.0,27.863137138648348,6,4,1,1.5479520632582415,5,13.931568569324174,0,2,1,80,5.2209957237196525,0.5231018181514939,37.29720778779929,0.5196811573330176,1.2441676097713896,5.2209957237196525,6.491035722750659,7.158712630793306,7.563709165171492,7.760811877603748,7.940406818232295,8.026606611633845,8.077693361626153,8.13160703042834,8.146862188828505,8.163162152561904
ifElseOperator,FernflowerChatGPT,0,6.0,3.0,1,2,2,4,0.0020730784816858556,1.0,15.509775004326936,6,2,4,0.861654166907052,6,15.509775004326936,0,1,3,60,4.814487885035546,0.4566500589877761,28.138780204323982,0.6195028490207436,0.983128539441476,4.814487885035546,5.820553773894281,6.299097213992592,6.648935576822187,6.897059827583826,7.156647897082029,7.335039663268076,7.47276440419718,7.620270303952314,7.716572151121992,7.761611701990249
ifElseOperator,CFRJ2K,0,3.0,0.0,0,1,5,2,0.004471319041702271,2.5,49.12871113600807,7,5,2,2.7293728408893374,7,19.651484454403228,0,1,1,77,5.289656057289986,0.5592399047517245,39.11516260551361,0.5448226343267991,0.9112727446357036,5.289656057289986,6.2297291369834715,6.791327910424258,7.12797097430369,7.299877739898495,7.477142175449972,7.61563972138174,7.719929350874372,7.830075227682916,7.9213749555112205,7.9987518518034175
ifElseOperator,CFRChatGPT,0,6.0,3.0,1,2,2,4,0.0020730784816858556,1.0,15.509775004326936,6,2,4,0.861654166907052,6,15.509775004326936,0,1,3,59,4.6309440827874475,0.33629060812693745,24.777248534828836,0.5407316370145688,0.9659332834035405,4.6309440827874475,5.615346309844779,6.055436751738112,6.360591853737535,6.558061963868585,6.764098089231134,6.882661659170273,6.955030248181942,7.032861482949535,7.126505682643656,7.189210579960174
ifElseOperator,JDGUIJ2K,0,3.0,0.0,0,1,1,2,0.000593770903833207,0.5,2.377443751081734,3,1,2,0.13208020839342968,3,4.754887502163468,0,1,1,41,4.858075915977658,0.5422515812560557,29.00190809223872,0.7025586257308563,0.7973406973727417,4.858075915977658,5.692043308256408,6.009549955082422,6.340933287860367,6.610335205463768,6.899238819535181,7.123722913537759,7.2580675935197405,7.407803054257125,7.522300988992499,7.609257863027948
ifElseOperator,JDGUIChatGPT,0,3.0,0.0,0,1,1,2,0.000593770903833207,0.5,2.377443751081734,3,1,2,0.13208020839342968,3,4.754887502163468,0,1,1,35,4.763256352343945,0.5765520051583003,27.157077964477587,0.778550619226537,0.8818323778385011,4.763256352343945,5.46664750699018,5.837230610244691,6.1557257565914325,6.475649786996567,6.8256108801614035,7.029562602600436,7.155600972001072,7.300244523446676,7.488023048936614,7.685884361080645
lazyInitialization,BytecodeChatGPT,0,5.0,0.0,0,1,1,1,0.0003333333333333333,0.5,1.0,2,1,1,0.05555555555555555,2,2.0,0,1,1,82,4.867882540186849,0.5225316014516663,29.199718184955213,0.740034336656233,1.3137760587686078,4.867882540186849,6.199243625329151,6.705637633985819,6.999768096405639,7.241052616010139,7.474508912571272,7.628493061222405,7.79093614261098,7.897712863844526,8.004253348378453,8.119948037733721
lazyInitialization,FernflowerChatGPT,0,9.0,0.0,0,1,3,2,0.0008346762933311173,0.5,3.96240625180289,5,1,2,0.22013368065571612,3,7.92481250360578,0,3,1,133,5.388817583564246,0.5398705805581185,41.89823553058164,0.5300796941086954,1.7149441952444222,5.388817583564246,7.120285322783431,7.797760170993823,8.194220896702406,8.437112082730827,8.675746428784604,8.851169748757625,8.936314039945604,8.989888275484867,9.02733403397786,9.065988779469867
lazyInitialization,CFRChatGPT,0,5.0,0.0,0,1,1,2,0.000593770903833207,0.5,2.377443751081734,3,1,2,0.13208020839342968,3,4.754887502163468,0,1,1,89,4.88778718858257,0.588383833934548,29.605374297175914,0.8102741610655338,1.4648364913654948,4.88778718858257,6.3693269996125155,6.964173350202969,7.290742503233117,7.585430207953251,7.865509681048364,8.112863624452986,8.333086157844757,8.513141613854769,8.658646121740228,8.803451152824339
lazyInitialization,JDGUIChatGPT,0,5.0,0.0,0,1,1,2,0.000593770903833207,0.5,2.377443751081734,3,1,2,0.13208020839342968,3,4.754887502163468,0,1,1,89,4.674069409312108,0.37466605466408565,25.52907587036871,0.6631334783746906,1.276862799741334,4.674069409312108,5.96298949004064,6.480575244245676,6.7661097108938195,6.980994546129165,7.191398691685232,7.355555645249722,7.488421339309217,7.576640118072336,7.655192413510976,7.740643423347368
lazyInitialization,JDGUIJ2K,0,9.0,0.0,0,1,9,2,0.004929429926574472,2.0,56.86917501586544,11,4,2,3.159398611992524,6,28.43458750793272,0,2,1,206,5.021383791558934,0.26616097823275203,32.477840227651704,0.39738807803085285,1.5038347891077075,5.021383791558934,6.532946740938042,7.13407132432893,7.453617838253756,7.654202953670582,7.823015723361599,7.96643980026936,8.10549265878656,8.239357518030744,8.33260817508187,8.414881165049996
builder,BytecodeChatGPT,0,5.0,0.0,0,1,9,3,0.005519305767765066,2.0,67.3765181293825,12,4,3,3.743139896076806,7,33.68825906469125,0,2,1,141,4.979388938898516,0.3197165617330558,31.546082204049377,0.46622092764788575,1.6176989276719986,4.979388938898516,6.601337638378155,7.144084021892005,7.517008403340067,7.79682827612411,8.022566035870758,8.097066354311306,8.162070985644688,8.214328064727058,8.268192258338908,8.323736698140708
builder,FernflowerChatGPT,0,5.0,0.0,0,1,14,3,0.008444077328351195,2.5,127.5,17,5,3,7.083333333333333,8,51.0,0,2,1,179,5.119877460505233,0.3614005553892115,34.77256196682234,0.4560477661483627,1.7013131790124647,5.119877460505233,6.825493766537925,7.518444448528474,7.9743438121905506,8.322022026600392,8.616299624826395,8.77595385323797,8.873502035698229,8.928498802506176,8.984752379376534,9.03106923460391
builder,FernflowerJ2K,0,6.0,0.0,0,1,18,5,0.01105564606693589,2.5,191.0108654560233,23,5,5,10.611714747556851,10,76.40434618240933,0,2,1,277,5.489075485910727,0.2764477167133831,44.91344517105583,0.18574277001880687,1.9084102313968834,5.489075485910727,7.402865591381402,8.061079532938303,8.484392001710429,8.757605059399003,8.974229359541487,9.094731164786884,9.193815911639806,9.275891634671327,9.33843058287337,9.394914663806144
builder,CFRChatGPT,0,5.0,0.0,0,1,10,3,0.005821825607296016,2.0,72.99122797349771,13,4,3,4.055068220749873,7,36.49561398674886,0,2,1,145,4.8704170529451405,0.2882084212608269,29.25106105486711,0.4832762170671226,1.6812627045689559,4.8704170529451405,6.5543615604795695,7.079025502478579,7.439613775160131,7.710780841921516,7.920067232621274,8.032695604446056,8.137169750381434,8.230388206788463,8.326354426623586,8.42518971323621
builder,CFRJ2K,0,5.0,0.0,0,1,15,4,0.00943424484380206,2.5,150.57143756850985,19,5,4,8.365079864917213,9,60.228575027403934,0,2,1,219,5.232619024085068,0.28915621392629176,37.59891236402967,0.3719171019015029,1.7755419794865384,5.232619024085068,7.013506160352329,7.622850718366934,8.022519762568697,8.317016069988997,8.550939183233261,8.70421019659811,8.802151519567321,8.874628853671103,8.948464338234414,9.023695747500929
builder,JDGUIChatGPT,0,5.0,0.0,0,1,12,3,0.007768081264884646,2.5,112.5,15,5,3,6.25,8,45.0,0,2,1,179,5.12953262633926,0.28447163333363656,35.006056085561234,0.37676212569967665,1.6429214968189132,5.12953262633926,6.777828162253373,7.314470229633074,7.661903672831919,7.8967694712593755,8.082562011963656,8.190534904814662,8.280860059065462,8.362014069383202,8.445047979067242,8.530026672652864
builder,JDGUIJ2K,0,9.0,0.0,0,1,22,6,0.011889335583417326,2.4,213.01896009692337,28,4,5,11.834386672051298,9,88.75790004038474,0,2,1,339,5.568213947909179,0.3314173467530774,47.44597990698558,0.21759625759229534,1.9710090153767466,5.568213947909179,7.54403759267046,8.179319438931431,8.566309116993368,8.848622857411161,9.094139229914706,9.224394819374698,9.317763308525786,9.379866633580653,9.425739240151952,9.46078631416545
nullValueSafety,BytecodeChatGPT,0,3.0,0.0,0,1,1,0,0.0,0.0,0.0,1,1,0,0.0,1,0.0,0,1,1,37,4.520782371346254,0.42498711562778313,22.95572945084748,0.7089423776347996,0.8252343370927279,4.520782371346254,5.355749909084883,5.741050029203997,6.033568638675836,6.3081488573426725,6.545524041788304,6.637802929694858,6.743127618834235,6.8642983615459805,6.973051119099183,7.1008734827247
nullValueSafety,FernflowerChatGPT,0,5.0,0.0,0,1,2,0,0.0,0.0,0.0,2,1,0,0.0,1,0.0,0,2,1,47,4.618596177038755,0.38266982577191255,24.566087090123865,0.5403079088381384,0.9171563701152804,4.618596177038755,5.545695648059002,5.937387834910069,6.206194990347646,6.459566807677658,6.683589163304851,6.846321395641485,6.929837261736284,7.022257558028079,7.103147627242547,7.1936470938716655
nullValueSafety,FernflowerJ2K,0,5.0,0.0,0,1,5,0,0.0,0.0,0.0,5,4,0,0.0,4,10.0,0,2,1,87,4.897229514447232,0.1859718194650646,29.799774622936425,0.14717748597416677,0.8919766521578286,4.897229514447232,5.801837423390182,6.211816061399045,6.465943698886238,6.631789214846218,6.779143239029884,6.893114109938255,6.967048773845542,7.044667048984509,7.130279346855543,7.220327598311838
nullValueSafety,CFRChatGPT,0,3.0,0.0,0,1,1,0,0.0,0.0,0.0,1,1,0,0.0,1,0.0,0,1,1,37,4.490962116856548,0.3951668611380782,22.486108741953437,0.7359671525025512,0.9121853180539948,4.490962116856548,5.411460623438109,5.928794404308416,6.283825875627053,6.627864829679333,6.977279924303589,7.221543554865807,7.36578428568387,7.531430504599828,7.569580926950156,7.61503389950539
nullValueSafety,CFRJ2K,0,3.0,0.0,0,1,5,0,0.0,0.0,0.0,5,5,0,0.0,5,11.60964047443681,0,1,1,80,4.792315918904174,0.19523310017760312,27.709637241511714,0.20321590058443406,0.8767378362473216,4.792315918904174,5.681790040129495,6.106576543929923,6.3715027244478595,6.535757479264053,6.693294923866009,6.823481054437868,6.908166522108262,6.997717811142781,7.0810133250775635,7.169376875350879
nullValueSafety,JDGUIChatGPT,0,3.0,0.0,0,1,1,0,0.0,0.0,0.0,1,1,0,0.0,1,0.0,0,1,1,37,4.475327825892708,0.37953257017423764,22.243745424964576,0.6881311143092936,0.8252343370927281,4.475327825892708,5.308130861466836,5.691050029204997,5.980937059729467,6.252593301788117,6.486700512377539,6.637802929694858,6.743127618834235,6.8642983615459805,6.973051119099183,7.1008734827247
nullValueSafety,JDGUIJ2K,0,3.0,0.0,0,1,5,0,0.0,0.0,0.0,5,5,0,0.0,5,11.60964047443681,0,1,1,80,4.779316752221482,0.1822339334949108,27.46108555549682,0.20056433083451264,0.8634432339587892,4.779316752221482,5.655200835552431,6.042509392719573,6.282100641066769,6.419784613362382,6.574422736316677,6.675919836439432,6.756722114162347,6.842180311090064,6.937404297264892,7.03837794676343
